Orig \ Dest,AL_BIR,AL_DEC,AL_MOB,AL_MON,AR_FAY,AR_LIT,AZ_FLA,AZ_PHO,AZ_TUC,CA_FRS,CA_LAX,CA_ONT,CA_SDI,CA_SFR,CA_STK,CO_DEN,CO_GRA,CT_HAR,FL_JAX,FL_LAK,FL_MIA,FL_TAL,GA_ATL,GA_MAC,GA_SAV,GA_TIF,IA_CED,IA_DES,IA_DUB,ID_TWI,IL_BLO,IL_CHI,IL_JOL,IL_QUI,IL_RFD,IL_ROC,IL_TAY,IN_EVA,IN_FTW,IN_GRY,IN_IND,IN_SBD,IN_TER,KS_HUT,KY_BOW,KY_LEX,KY_LOU,LA_NEW,LA_SHR,MA_BOS,MA_SPR,MD_BAL,ME_AUG,MI_DET,MI_RAP,MI_SAG,MN_DUL,MN_MIN,MN_STC,MO_GIR,MO_JEF,MO_JOP,MO_KAN,MO_STL,MS_JAC,MT_BIL,MT_MIS,NC_CHA,NC_GRE,NC_RAL,NC_WIL,ND_BIS,ND_FAR,NE_NPL,NE_OMA,NH_BRI,NJ_ELI,NM_ALB,NV_REN,NV_VEG,NY_ALB,NY_BRN,NY_BUF,NY_ELM,NY_ROC,NY_SYR,OH_CIN,OH_CLE,OH_COL,OH_TOL,OK_OKC,OK_TUL,ON_TOR,OR_MED,OR_PEN,OR_POR,PA_ALL,PA_ERI,PA_HAR,PA_PHI,PA_PIT,QC_MON,SC_CHA,SC_COL,SC_GRE,SD_RAP,SD_SXF,TN_CHA,TN_KNO,TN_MEM,TN_NAS,TX_AMA,TX_ANT,TX_AUS,TX_DAL,TX_ELP,TX_FTW,TX_HOU,TX_LAR,TX_LUB,TX_MCA,TX_TEX,UT_SLC,VA_ALE,VA_NOR,VA_RCH,VA_ROA,VA_WIN,WA_SEA,WA_SPO,WI_EAU,WI_GRE,WI_MAD,WI_MIL,WV_CHA,WV_HUN,WY_GRE
AL_BIR,287.0,139.0,228.0,72.0,32.0,89.0,21.0,23.0,11.0,30.0,18.0,57.0,8.0,21.0,22.0,31.0,24.0,25.0,127.0,303.0,129.0,128.0,219.0,133.0,139.0,157.0,17.0,56.0,53.0,12.0,31.0,101.0,96.0,8.0,51.0,70.0,16.0,23.0,45.0,69.0,87.0,99.0,28.0,22.0,128.0,89.0,66.0,155.0,122.0,71.0,10.0,30.0,8.0,43.0,30.0,17.0,9.0,25.0,18.0,20.0,22.0,29.0,33.0,49.0,128.0,27.0,8.0,210.0,76.0,93.0,75.0,8.0,25.0,7.0,14.0,8.0,24.0,7.0,9.0,10.0,13.0,9.0,13.0,9.0,11.0,14.0,75.0,67.0,76.0,30.0,25.0,35.0,8.0,8.0,28.0,10.0,71.0,19.0,51.0,38.0,56.0,21.0,104.0,195.0,185.0,130.0,9.0,192.0,168.0,155.0,316.0,12.0,78.0,85.0,227.0,43.0,177.0,220.0,26.0,55.0,46.0,69.0,22.0,17.0,41.0,80.0,64.0,25.0,11.0,12.0,16.0,11.0,60.0,14.0,11.0,20.0,22.0
AL_DEC,124.0,106.0,53.0,47.0,18.0,30.0,7.0,13.0,15.0,8.0,9.0,13.0,25.0,10.0,8.0,22.0,21.0,14.0,34.0,90.0,47.0,11.0,168.0,35.0,42.0,50.0,29.0,37.0,29.0,9.0,9.0,23.0,17.0,12.0,19.0,28.0,19.0,26.0,13.0,23.0,56.0,33.0,27.0,25.0,157.0,52.0,55.0,80.0,52.0,56.0,13.0,11.0,10.0,8.0,10.0,37.0,10.0,12.0,16.0,22.0,18.0,13.0,9.0,31.0,23.0,9.0,9.0,71.0,21.0,19.0,27.0,12.0,7.0,8.0,8.0,102.0,14.0,8.0,18.0,14.0,13.0,11.0,17.0,9.0,17.0,8.0,52.0,25.0,35.0,17.0,11.0,18.0,8.0,24.0,24.0,24.0,47.0,11.0,22.0,19.0,26.0,13.0,28.0,69.0,54.0,159.0,8.0,54.0,44.0,51.0,143.0,21.0,43.0,42.0,77.0,18.0,69.0,78.0,19.0,12.0,9.0,39.0,23.0,16.0,9.0,44.0,18.0,13.0,16.0,8.0,29.0,19.0,14.0,14.0,41.0,40.0,22.0
AL_MOB,184.0,151.0,84.0,166.0,9.0,18.0,13.0,17.0,16.0,10.0,38.0,38.0,38.0,11.0,11.0,11.0,41.0,19.0,76.0,101.0,43.0,39.0,258.0,11.0,79.0,108.0,7.0,9.0,8.0,14.0,11.0,78.0,60.0,137.0,51.0,11.0,14.0,18.0,14.0,34.0,22.0,35.0,8.0,13.0,184.0,30.0,26.0,87.0,37.0,11.0,22.0,26.0,28.0,37.0,10.0,8.0,39.0,17.0,11.0,14.0,80.0,12.0,73.0,7.0,160.0,14.0,14.0,51.0,35.0,27.0,17.0,39.0,39.0,112.0,69.0,28.0,9.0,41.0,11.0,10.0,100.0,8.0,100.0,100.0,100.0,100.0,33.0,28.0,19.0,17.0,16.0,14.0,7.0,23.0,13.0,9.0,18.0,100.0,15.0,11.0,10.0,12.0,67.0,25.0,47.0,39.0,39.0,22.0,28.0,98.0,172.0,21.0,33.0,13.0,92.0,19.0,102.0,203.0,19.0,69.0,27.0,26.0,41.0,9.0,19.0,13.0,9.0,12.0,23.0,13.0,20.0,12.0,12.0,14.0,16.0,80.0,14.0
AL_MON,20.0,24.0,77.0,10.0,22.0,136.0,18.0,21.0,21.0,9.0,22.0,25.0,25.0,79.0,79.0,24.0,69.0,13.0,46.0,157.0,18.0,23.0,200.0,219.0,42.0,77.0,22.0,40.0,21.0,17.0,29.0,22.0,18.0,13.0,9.0,12.0,11.0,50.0,11.0,9.0,16.0,13.0,17.0,9.0,29.0,11.0,18.0,17.0,17.0,17.0,13.0,34.0,41.0,7.0,12.0,28.0,78.0,17.0,25.0,61.0,11.0,8.0,8.0,35.0,29.0,17.0,17.0,40.0,11.0,21.0,23.0,8.0,20.0,158.0,80.0,41.0,21.0,10.0,17.0,17.0,12.0,9.0,13.0,10.0,13.0,14.0,19.0,8.0,13.0,8.0,31.0,36.0,13.0,17.0,17.0,17.0,14.0,12.0,13.0,12.0,14.0,14.0,18.0,26.0,36.0,78.0,78.0,11.0,27.0,37.0,46.0,16.0,12.0,8.0,31.0,40.0,34.0,31.0,8.0,46.0,110.0,9.0,7.0,23.0,12.0,8.0,10.0,10.0,11.0,17.0,8.0,17.0,28.0,33.0,10.0,8.0,7.0
AR_FAY,42.0,13.0,9.0,8.0,37.0,41.0,19.0,18.0,10.0,8.0,8.0,8.0,8.0,9.0,9.0,35.0,12.0,8.0,9.0,28.0,32.0,14.0,36.0,7.0,16.0,9.0,13.0,11.0,14.0,8.0,39.0,17.0,13.0,11.0,42.0,12.0,44.0,17.0,17.0,8.0,28.0,7.0,13.0,21.0,28.0,12.0,14.0,21.0,12.0,11.0,12.0,15.0,17.0,17.0,10.0,15.0,7.0,10.0,8.0,12.0,45.0,104.0,26.0,36.0,15.0,36.0,36.0,21.0,78.0,82.0,8.0,58.0,10.0,9.0,10.0,17.0,9.0,9.0,13.0,36.0,8.0,60.0,60.0,60.0,60.0,8.0,9.0,10.0,24.0,11.0,75.0,42.0,8.0,33.0,11.0,8.0,60.0,18.0,60.0,10.0,22.0,8.0,8.0,22.0,18.0,17.0,10.0,9.0,18.0,31.0,28.0,13.0,97.0,42.0,59.0,15.0,52.0,83.0,100.0,23.0,15.0,24.0,11.0,10.0,8.0,9.0,46.0,8.0,7.0,8.0,9.0,11.0,45.0,8.0,46.0,46.0,10.0
AR_LIT,55.0,34.0,14.0,7.0,44.0,39.0,11.0,14.0,9.0,8.0,8.0,10.0,10.0,23.0,17.0,20.0,23.0,8.0,12.0,38.0,32.0,12.0,42.0,30.0,23.0,10.0,13.0,18.0,12.0,20.0,13.0,29.0,21.0,17.0,43.0,11.0,23.0,22.0,8.0,13.0,25.0,13.0,20.0,17.0,36.0,12.0,17.0,41.0,55.0,13.0,22.0,8.0,23.0,12.0,8.0,29.0,8.0,12.0,24.0,9.0,79.0,21.0,104.0,41.0,108.0,65.0,8.0,16.0,15.0,28.0,21.0,12.0,19.0,14.0,14.0,23.0,12.0,7.0,17.0,33.0,18.0,160.0,16.0,8.0,15.0,12.0,14.0,10.0,28.0,13.0,25.0,54.0,12.0,42.0,9.0,15.0,15.0,31.0,18.0,11.0,8.0,20.0,18.0,9.0,12.0,119.0,33.0,8.0,10.0,24.0,31.0,26.0,25.0,150.0,128.0,24.0,113.0,281.0,10.0,37.0,33.0,7.0,43.0,34.0,10.0,8.0,8.0,8.0,8.0,11.0,10.0,10.0,44.0,56.0,28.0,23.0,10.0
AZ_FLA,11.0,12.0,44.0,44.0,495.0,11.0,570.0,28.0,18.0,32.0,30.0,33.0,31.0,18.0,17.0,28.0,18.0,9.0,56.0,26.0,25.0,56.0,21.0,20.0,56.0,56.0,19.0,7.0,19.0,45.0,77.0,13.0,7.0,28.0,10.0,8.0,28.0,28.0,77.0,11.0,22.0,12.0,28.0,44.0,28.0,10.0,11.0,14.0,9.0,9.0,9.0,17.0,9.0,77.0,77.0,77.0,19.0,19.0,19.0,44.0,16.0,44.0,8.0,9.0,44.0,79.0,79.0,8.0,17.0,17.0,17.0,19.0,19.0,44.0,9.0,9.0,7.0,19.0,17.0,54.0,19.0,19.0,19.0,19.0,19.0,19.0,28.0,21.0,25.0,77.0,19.0,495.0,10.0,17.0,28.0,22.0,19.0,19.0,19.0,19.0,19.0,10.0,17.0,17.0,16.0,19.0,19.0,44.0,44.0,44.0,44.0,10.0,10.0,8.0,48.0,96.0,105.0,24.0,9.0,13.0,9.0,20.0,25.0,17.0,9.0,8.0,17.0,8.0,23.0,7.0,77.0,17.0,16.0,16.0,17.0,17.0,15.0
AZ_PHO,11.0,12.0,64.0,10.0,815.0,11.0,74.0,906.0,181.0,56.0,411.0,486.0,335.0,43.0,88.0,77.0,11.0,9.0,10.0,29.0,16.0,10.0,26.0,27.0,86.0,86.0,25.0,9.0,25.0,34.0,100.0,10.0,7.0,48.0,9.0,10.0,48.0,10.0,8.0,16.0,20.0,13.0,10.0,34.0,48.0,11.0,11.0,13.0,19.0,12.0,12.0,23.0,9.0,100.0,7.0,100.0,25.0,25.0,25.0,78.0,11.0,78.0,18.0,8.0,64.0,115.0,115.0,7.0,28.0,9.0,28.0,25.0,25.0,78.0,7.0,12.0,8.0,163.0,22.0,116.0,7.0,8.0,37.0,37.0,37.0,37.0,8.0,7.0,18.0,100.0,27.0,9.0,13.0,11.0,38.0,31.0,37.0,37.0,37.0,7.0,7.0,13.0,28.0,9.0,11.0,25.0,25.0,10.0,64.0,64.0,64.0,16.0,42.0,52.0,86.0,120.0,98.0,142.0,13.0,44.0,43.0,25.0,191.0,23.0,9.0,8.0,23.0,8.0,37.0,8.0,100.0,18.0,16.0,15.0,23.0,23.0,151.0
AZ_TUC,15.0,16.0,65.0,10.0,709.0,21.0,59.0,237.0,152.0,34.0,131.0,194.0,105.0,12.0,36.0,14.0,25.0,8.0,10.0,17.0,8.0,10.0,10.0,10.0,62.0,62.0,22.0,12.0,22.0,16.0,74.0,18.0,9.0,34.0,9.0,7.0,34.0,13.0,8.0,19.0,7.0,18.0,14.0,31.0,34.0,34.0,11.0,9.0,14.0,11.0,11.0,23.0,11.0,74.0,9.0,74.0,22.0,22.0,22.0,69.0,8.0,7.0,10.0,9.0,65.0,85.0,85.0,11.0,22.0,22.0,22.0,22.0,22.0,69.0,7.0,11.0,11.0,108.0,20.0,51.0,8.0,8.0,37.0,37.0,37.0,37.0,10.0,9.0,21.0,74.0,39.0,11.0,11.0,22.0,16.0,10.0,37.0,37.0,37.0,8.0,7.0,11.0,22.0,11.0,10.0,22.0,22.0,14.0,65.0,65.0,65.0,20.0,11.0,13.0,53.0,98.0,51.0,71.0,11.0,24.0,21.0,13.0,34.0,23.0,11.0,10.0,23.0,23.0,14.0,10.0,74.0,15.0,14.0,14.0,23.0,23.0,20.0
CA_FRS,10.0,8.0,10.0,10.0,459.0,8.0,16.0,202.0,85.0,48.0,270.0,290.0,140.0,291.0,81.0,39.0,32.0,9.0,14.0,19.0,12.0,14.0,10.0,12.0,9.0,8.0,27.0,28.0,28.0,40.0,17.0,26.0,18.0,41.0,15.0,22.0,41.0,41.0,13.0,22.0,8.0,10.0,8.0,12.0,8.0,41.0,41.0,15.0,11.0,14.0,11.0,32.0,14.0,8.0,9.0,168.0,48.0,48.0,48.0,60.0,9.0,8.0,17.0,60.0,8.0,20.0,10.0,20.0,9.0,22.0,21.0,48.0,48.0,19.0,15.0,14.0,10.0,9.0,69.0,166.0,64.0,64.0,7.0,64.0,7.0,64.0,10.0,8.0,23.0,11.0,18.0,13.0,14.0,15.0,13.0,99.0,13.0,64.0,8.0,16.0,64.0,18.0,73.0,21.0,20.0,48.0,48.0,10.0,8.0,8.0,8.0,18.0,12.0,14.0,86.0,19.0,94.0,42.0,18.0,44.0,20.0,459.0,91.0,43.0,13.0,18.0,8.0,47.0,50.0,27.0,168.0,168.0,19.0,13.0,110.0,110.0,13.0
CA_LAX,10.0,12.0,14.0,13.0,42.0,8.0,103.0,604.0,186.0,316.0,759.0,307.0,407.0,437.0,453.0,188.0,13.0,16.0,12.0,29.0,27.0,14.0,45.0,32.0,15.0,11.0,11.0,10.0,12.0,77.0,13.0,43.0,30.0,13.0,37.0,9.0,15.0,11.0,9.0,16.0,21.0,45.0,15.0,28.0,53.0,21.0,21.0,40.0,28.0,8.0,11.0,17.0,34.0,203.0,37.0,12.0,11.0,35.0,20.0,16.0,69.0,40.0,27.0,13.0,12.0,13.0,32.0,15.0,10.0,11.0,11.0,22.0,32.0,72.0,15.0,34.0,29.0,54.0,88.0,300.0,154.0,15.0,9.0,8.0,9.0,9.0,21.0,20.0,41.0,13.0,22.0,59.0,15.0,28.0,19.0,83.0,40.0,154.0,13.0,19.0,7.0,15.0,8.0,9.0,13.0,16.0,31.0,22.0,7.0,29.0,50.0,25.0,60.0,40.0,133.0,181.0,90.0,225.0,24.0,61.0,18.0,8.0,115.0,10.0,12.0,11.0,91.0,9.0,102.0,33.0,7.0,12.0,17.0,11.0,91.0,91.0,85.0
CA_ONT,7.0,7.0,7.0,17.0,32.0,11.0,38.0,380.0,164.0,207.0,478.0,469.0,297.0,331.0,378.0,91.0,8.0,9.0,23.0,35.0,24.0,23.0,47.0,44.0,9.0,11.0,8.0,8.0,9.0,21.0,11.0,27.0,20.0,13.0,25.0,12.0,10.0,11.0,8.0,12.0,22.0,32.0,17.0,8.0,16.0,27.0,24.0,13.0,7.0,11.0,7.0,9.0,34.0,16.0,27.0,8.0,17.0,14.0,7.0,20.0,13.0,29.0,16.0,7.0,14.0,13.0,10.0,9.0,8.0,10.0,16.0,11.0,16.0,8.0,13.0,34.0,9.0,21.0,71.0,164.0,154.0,8.0,9.0,8.0,9.0,9.0,8.0,12.0,12.0,16.0,12.0,15.0,15.0,20.0,27.0,60.0,9.0,154.0,14.0,10.0,11.0,15.0,8.0,14.0,8.0,19.0,9.0,30.0,17.0,7.0,9.0,8.0,30.0,26.0,117.0,142.0,90.0,136.0,11.0,28.0,9.0,9.0,107.0,8.0,10.0,11.0,91.0,34.0,77.0,49.0,10.0,8.0,11.0,12.0,91.0,91.0,40.0
CA_SDI,22.0,16.0,20.0,16.0,45.0,14.0,10.0,96.0,33.0,71.0,142.0,96.0,61.0,72.0,90.0,20.0,18.0,22.0,9.0,23.0,18.0,9.0,30.0,30.0,9.0,9.0,11.0,26.0,12.0,10.0,30.0,13.0,9.0,153.0,11.0,16.0,7.0,13.0,22.0,74.0,48.0,56.0,17.0,11.0,8.0,27.0,23.0,57.0,33.0,19.0,26.0,22.0,34.0,7.0,46.0,16.0,15.0,45.0,35.0,21.0,72.0,44.0,15.0,19.0,24.0,41.0,50.0,23.0,9.0,7.0,7.0,22.0,33.0,71.0,21.0,34.0,37.0,11.0,41.0,49.0,139.0,11.0,9.0,8.0,9.0,9.0,13.0,28.0,19.0,219.0,88.0,67.0,15.0,8.0,13.0,20.0,8.0,139.0,14.0,12.0,10.0,15.0,19.0,26.0,24.0,16.0,38.0,15.0,8.0,36.0,57.0,36.0,17.0,13.0,34.0,15.0,40.0,67.0,14.0,13.0,14.0,16.0,35.0,21.0,29.0,37.0,87.0,25.0,20.0,19.0,23.0,18.0,9.0,11.0,87.0,87.0,14.0
CA_SFR,45.0,45.0,8.0,45.0,250.0,250.0,42.0,100.0,106.0,121.0,131.0,76.0,65.0,187.0,297.0,12.0,11.0,14.0,13.0,14.0,8.0,13.0,12.0,9.0,50.0,50.0,8.0,13.0,11.0,10.0,117.0,31.0,24.0,23.0,30.0,10.0,23.0,23.0,14.0,28.0,15.0,13.0,23.0,9.0,23.0,23.0,23.0,18.0,250.0,10.0,13.0,7.0,14.0,117.0,10.0,117.0,27.0,8.0,27.0,49.0,20.0,49.0,19.0,49.0,45.0,26.0,21.0,8.0,8.0,25.0,21.0,27.0,27.0,49.0,16.0,14.0,16.0,24.0,62.0,17.0,48.0,48.0,48.0,48.0,48.0,48.0,11.0,21.0,15.0,21.0,11.0,9.0,9.0,20.0,14.0,43.0,10.0,48.0,13.0,20.0,48.0,18.0,45.0,45.0,18.0,27.0,27.0,45.0,45.0,10.0,8.0,10.0,19.0,51.0,14.0,8.0,17.0,33.0,13.0,9.0,12.0,250.0,19.0,10.0,20.0,18.0,18.0,7.0,43.0,10.0,8.0,117.0,16.0,20.0,18.0,18.0,17.0
CA_STK,44.0,44.0,8.0,44.0,248.0,248.0,8.0,174.0,41.0,159.0,219.0,166.0,135.0,371.0,243.0,45.0,38.0,14.0,8.0,21.0,11.0,8.0,12.0,9.0,47.0,47.0,8.0,7.0,11.0,35.0,115.0,22.0,16.0,22.0,8.0,10.0,22.0,22.0,10.0,23.0,9.0,9.0,22.0,9.0,22.0,22.0,22.0,10.0,248.0,10.0,13.0,7.0,14.0,115.0,7.0,115.0,27.0,8.0,27.0,49.0,12.0,49.0,17.0,49.0,44.0,7.0,13.0,17.0,8.0,23.0,18.0,27.0,27.0,49.0,7.0,14.0,10.0,8.0,99.0,63.0,48.0,48.0,48.0,48.0,48.0,48.0,8.0,10.0,15.0,14.0,16.0,9.0,13.0,55.0,21.0,115.0,7.0,48.0,10.0,16.0,48.0,18.0,45.0,45.0,16.0,27.0,27.0,44.0,44.0,9.0,8.0,10.0,25.0,20.0,55.0,15.0,59.0,34.0,9.0,10.0,9.0,248.0,89.0,9.0,19.0,18.0,18.0,7.0,89.0,31.0,8.0,115.0,8.0,15.0,18.0,18.0,20.0
CO_DEN,20.0,18.0,15.0,13.0,17.0,19.0,12.0,68.0,31.0,23.0,31.0,39.0,14.0,23.0,47.0,233.0,90.0,9.0,24.0,20.0,23.0,24.0,27.0,14.0,13.0,9.0,8.0,10.0,9.0,61.0,17.0,26.0,25.0,22.0,16.0,12.0,8.0,22.0,14.0,17.0,18.0,29.0,15.0,49.0,7.0,8.0,22.0,8.0,18.0,9.0,8.0,27.0,9.0,94.0,184.0,184.0,100.0,9.0,100.0,99.0,44.0,10.0,47.0,10.0,35.0,21.0,32.0,8.0,14.0,8.0,35.0,36.0,9.0,16.0,40.0,9.0,16.0,104.0,39.0,9.0,74.0,74.0,74.0,74.0,74.0,74.0,22.0,63.0,11.0,69.0,24.0,30.0,13.0,9.0,51.0,13.0,12.0,74.0,12.0,15.0,20.0,13.0,35.0,10.0,9.0,37.0,17.0,9.0,13.0,40.0,11.0,43.0,25.0,34.0,152.0,92.0,157.0,100.0,23.0,63.0,13.0,12.0,140.0,27.0,27.0,27.0,27.0,27.0,25.0,11.0,10.0,184.0,12.0,8.0,27.0,27.0,66.0
CO_GRA,13.0,12.0,83.0,83.0,327.0,327.0,15.0,9.0,139.0,60.0,59.0,57.0,39.0,44.0,42.0,54.0,38.0,17.0,17.0,8.0,9.0,17.0,21.0,9.0,7.0,17.0,29.0,29.0,29.0,19.0,100.0,48.0,46.0,66.0,24.0,100.0,14.0,66.0,11.0,32.0,11.0,10.0,66.0,19.0,18.0,12.0,13.0,327.0,13.0,12.0,12.0,42.0,17.0,16.0,12.0,100.0,29.0,11.0,8.0,19.0,9.0,9.0,7.0,12.0,83.0,8.0,32.0,30.0,11.0,12.0,9.0,7.0,29.0,8.0,19.0,17.0,13.0,7.0,36.0,39.0,52.0,52.0,52.0,52.0,52.0,52.0,66.0,8.0,42.0,17.0,15.0,15.0,21.0,14.0,23.0,25.0,52.0,52.0,9.0,26.0,8.0,21.0,54.0,14.0,36.0,29.0,29.0,14.0,29.0,10.0,25.0,327.0,8.0,32.0,53.0,36.0,42.0,27.0,21.0,33.0,21.0,28.0,41.0,22.0,13.0,23.0,15.0,82.0,44.0,44.0,100.0,100.0,100.0,100.0,14.0,82.0,7.0
CT_HAR,16.0,49.0,49.0,16.0,7.0,8.0,11.0,11.0,11.0,8.0,26.0,26.0,26.0,9.0,9.0,24.0,24.0,40.0,62.0,16.0,30.0,7.0,12.0,9.0,9.0,62.0,33.0,11.0,10.0,9.0,23.0,35.0,29.0,78.0,18.0,236.0,10.0,9.0,46.0,20.0,27.0,23.0,78.0,18.0,78.0,12.0,11.0,13.0,57.0,96.0,20.0,59.0,24.0,18.0,13.0,9.0,33.0,9.0,15.0,18.0,18.0,18.0,8.0,9.0,49.0,9.0,9.0,14.0,9.0,9.0,16.0,33.0,33.0,18.0,18.0,29.0,45.0,24.0,10.0,9.0,23.0,109.0,14.0,75.0,9.0,67.0,27.0,48.0,29.0,44.0,57.0,57.0,9.0,11.0,15.0,15.0,37.0,26.0,44.0,46.0,28.0,12.0,12.0,9.0,9.0,33.0,33.0,7.0,8.0,8.0,49.0,57.0,57.0,13.0,7.0,8.0,7.0,9.0,57.0,57.0,57.0,57.0,24.0,18.0,20.0,22.0,22.0,15.0,8.0,15.0,236.0,16.0,19.0,13.0,22.0,22.0,9.0
FL_JAX,29.0,17.0,151.0,25.0,10.0,16.0,10.0,15.0,16.0,11.0,21.0,21.0,21.0,8.0,8.0,10.0,39.0,15.0,419.0,477.0,346.0,58.0,212.0,11.0,162.0,46.0,23.0,23.0,23.0,29.0,7.0,10.0,10.0,88.0,7.0,120.0,88.0,8.0,8.0,8.0,11.0,13.0,10.0,8.0,26.0,21.0,16.0,18.0,16.0,14.0,17.0,11.0,10.0,10.0,120.0,120.0,23.0,10.0,23.0,9.0,19.0,11.0,10.0,10.0,25.0,13.0,13.0,104.0,36.0,114.0,82.0,23.0,23.0,38.0,9.0,11.0,20.0,9.0,11.0,29.0,11.0,8.0,16.0,14.0,16.0,18.0,12.0,10.0,9.0,12.0,17.0,12.0,13.0,16.0,16.0,10.0,8.0,159.0,36.0,11.0,8.0,13.0,165.0,74.0,83.0,23.0,23.0,24.0,176.0,16.0,27.0,19.0,12.0,7.0,58.0,9.0,61.0,48.0,10.0,13.0,10.0,12.0,39.0,10.0,24.0,19.0,8.0,25.0,11.0,16.0,120.0,8.0,7.0,11.0,20.0,122.0,29.0
FL_LAK,77.0,34.0,168.0,36.0,14.0,9.0,18.0,24.0,12.0,11.0,14.0,21.0,21.0,11.0,10.0,9.0,56.0,18.0,667.0,1861.0,1298.0,209.0,367.0,100.0,226.0,145.0,35.0,35.0,35.0,21.0,28.0,50.0,43.0,8.0,28.0,8.0,7.0,20.0,27.0,14.0,26.0,30.0,21.0,64.0,88.0,44.0,34.0,95.0,15.0,44.0,53.0,51.0,11.0,18.0,20.0,9.0,35.0,17.0,8.0,28.0,16.0,14.0,10.0,18.0,48.0,21.0,21.0,118.0,42.0,100.0,76.0,35.0,35.0,64.0,8.0,14.0,31.0,56.0,21.0,8.0,10.0,17.0,20.0,8.0,20.0,9.0,44.0,29.0,35.0,15.0,11.0,12.0,12.0,24.0,24.0,24.0,27.0,12.0,33.0,60.0,29.0,12.0,110.0,86.0,66.0,35.0,35.0,56.0,64.0,52.0,85.0,504.0,8.0,18.0,130.0,13.0,82.0,120.0,11.0,9.0,25.0,20.0,9.0,23.0,30.0,28.0,29.0,19.0,17.0,24.0,14.0,10.0,31.0,26.0,10.0,159.0,10.0
FL_MIA,17.0,14.0,62.0,23.0,10.0,8.0,10.0,18.0,18.0,13.0,11.0,17.0,16.0,10.0,10.0,13.0,64.0,15.0,223.0,858.0,681.0,50.0,67.0,37.0,67.0,28.0,31.0,7.0,31.0,22.0,19.0,25.0,14.0,172.0,15.0,9.0,172.0,21.0,33.0,16.0,8.0,9.0,19.0,58.0,16.0,9.0,8.0,26.0,8.0,11.0,12.0,18.0,20.0,20.0,19.0,8.0,31.0,14.0,31.0,8.0,15.0,9.0,8.0,9.0,69.0,22.0,22.0,40.0,9.0,9.0,8.0,31.0,31.0,58.0,9.0,7.0,17.0,64.0,22.0,13.0,22.0,8.0,16.0,16.0,16.0,16.0,55.0,9.0,24.0,12.0,12.0,8.0,9.0,31.0,31.0,31.0,8.0,13.0,9.0,11.0,11.0,9.0,13.0,13.0,17.0,31.0,31.0,7.0,11.0,40.0,24.0,494.0,9.0,59.0,31.0,13.0,28.0,56.0,9.0,13.0,9.0,7.0,9.0,9.0,10.0,16.0,17.0,7.0,23.0,31.0,10.0,9.0,10.0,7.0,12.0,159.0,11.0
FL_TAL,43.0,17.0,39.0,23.0,12.0,16.0,10.0,9.0,10.0,11.0,13.0,18.0,16.0,15.0,15.0,10.0,39.0,28.0,69.0,230.0,77.0,20.0,137.0,16.0,30.0,54.0,25.0,25.0,25.0,30.0,13.0,25.0,14.0,88.0,13.0,123.0,88.0,16.0,8.0,31.0,9.0,13.0,14.0,8.0,9.0,27.0,11.0,11.0,14.0,10.0,23.0,13.0,13.0,8.0,123.0,123.0,25.0,11.0,25.0,9.0,12.0,12.0,10.0,10.0,8.0,15.0,14.0,79.0,26.0,39.0,11.0,25.0,25.0,38.0,9.0,11.0,8.0,9.0,11.0,30.0,15.0,8.0,16.0,14.0,16.0,9.0,8.0,8.0,10.0,8.0,9.0,12.0,13.0,16.0,16.0,10.0,15.0,161.0,11.0,11.0,17.0,13.0,27.0,22.0,43.0,25.0,25.0,24.0,28.0,33.0,25.0,20.0,15.0,47.0,17.0,28.0,17.0,49.0,15.0,72.0,14.0,33.0,39.0,13.0,20.0,21.0,15.0,21.0,7.0,16.0,123.0,8.0,14.0,11.0,16.0,127.0,30.0
GA_ATL,151.0,108.0,209.0,122.0,31.0,22.0,20.0,31.0,18.0,25.0,50.0,47.0,13.0,18.0,47.0,49.0,12.0,50.0,182.0,708.0,316.0,106.0,955.0,80.0,254.0,189.0,10.0,8.0,35.0,9.0,29.0,139.0,107.0,12.0,17.0,49.0,22.0,28.0,26.0,42.0,54.0,55.0,9.0,10.0,176.0,65.0,86.0,69.0,67.0,41.0,16.0,81.0,18.0,62.0,42.0,17.0,16.0,27.0,11.0,18.0,14.0,25.0,34.0,46.0,74.0,8.0,7.0,318.0,100.0,197.0,135.0,7.0,9.0,17.0,31.0,21.0,51.0,9.0,8.0,32.0,26.0,19.0,17.0,37.0,17.0,29.0,73.0,70.0,115.0,58.0,26.0,41.0,8.0,8.0,11.0,8.0,67.0,19.0,69.0,61.0,62.0,9.0,170.0,159.0,206.0,143.0,17.0,175.0,99.0,155.0,207.0,13.0,61.0,54.0,217.0,47.0,189.0,198.0,11.0,56.0,24.0,30.0,29.0,65.0,51.0,84.0,61.0,43.0,19.0,10.0,10.0,18.0,21.0,18.0,27.0,17.0,17.0
GA_MAC,29.0,57.0,34.0,11.0,8.0,9.0,11.0,23.0,21.0,63.0,52.0,52.0,50.0,48.0,48.0,36.0,75.0,38.0,27.0,211.0,54.0,18.0,315.0,53.0,118.0,97.0,17.0,25.0,19.0,22.0,9.0,38.0,31.0,13.0,8.0,32.0,41.0,25.0,7.0,24.0,8.0,7.0,12.0,9.0,22.0,15.0,17.0,9.0,25.0,41.0,8.0,10.0,21.0,41.0,29.0,10.0,65.0,22.0,19.0,17.0,40.0,7.0,27.0,34.0,9.0,10.0,12.0,73.0,26.0,83.0,45.0,7.0,9.0,14.0,20.0,20.0,12.0,14.0,11.0,31.0,12.0,35.0,22.0,23.0,22.0,11.0,11.0,28.0,17.0,51.0,31.0,9.0,9.0,12.0,22.0,9.0,16.0,14.0,9.0,22.0,36.0,8.0,31.0,30.0,51.0,65.0,20.0,17.0,29.0,31.0,21.0,11.0,12.0,15.0,9.0,12.0,13.0,66.0,15.0,26.0,15.0,22.0,16.0,10.0,8.0,11.0,45.0,48.0,15.0,12.0,8.0,9.0,8.0,11.0,17.0,189.0,25.0
GA_SAV,164.0,64.0,87.0,59.0,13.0,30.0,11.0,15.0,17.0,16.0,24.0,12.0,8.0,9.0,9.0,11.0,47.0,17.0,194.0,340.0,166.0,34.0,372.0,53.0,235.0,66.0,14.0,21.0,11.0,8.0,10.0,22.0,17.0,300.0,22.0,15.0,10.0,31.0,13.0,46.0,62.0,24.0,35.0,11.0,216.0,34.0,46.0,127.0,28.0,16.0,8.0,51.0,17.0,24.0,11.0,7.0,73.0,12.0,15.0,32.0,9.0,18.0,15.0,15.0,84.0,9.0,34.0,156.0,119.0,127.0,37.0,9.0,13.0,8.0,15.0,16.0,29.0,9.0,34.0,10.0,33.0,10.0,8.0,10.0,11.0,32.0,49.0,32.0,35.0,23.0,9.0,23.0,18.0,24.0,11.0,10.0,70.0,28.0,65.0,48.0,48.0,18.0,322.0,365.0,122.0,73.0,8.0,60.0,338.0,57.0,554.0,963.0,35.0,29.0,195.0,12.0,185.0,244.0,11.0,16.0,11.0,11.0,8.0,21.0,39.0,70.0,59.0,22.0,8.0,9.0,8.0,18.0,22.0,15.0,31.0,9.0,34.0
GA_TIF,107.0,71.0,62.0,22.0,19.0,16.0,8.0,10.0,11.0,9.0,12.0,7.0,14.0,9.0,9.0,9.0,37.0,32.0,126.0,329.0,114.0,25.0,404.0,43.0,268.0,99.0,9.0,8.0,9.0,26.0,7.0,47.0,38.0,121.0,8.0,10.0,121.0,10.0,18.0,10.0,17.0,10.0,11.0,12.0,187.0,13.0,24.0,10.0,14.0,10.0,37.0,43.0,17.0,10.0,7.0,8.0,44.0,8.0,12.0,31.0,11.0,22.0,7.0,7.0,22.0,26.0,26.0,119.0,35.0,123.0,44.0,44.0,44.0,48.0,7.0,16.0,20.0,14.0,8.0,9.0,11.0,14.0,8.0,8.0,8.0,16.0,11.0,10.0,10.0,9.0,12.0,19.0,9.0,15.0,15.0,8.0,35.0,213.0,45.0,16.0,12.0,17.0,49.0,46.0,99.0,44.0,7.0,38.0,209.0,24.0,343.0,363.0,9.0,13.0,18.0,22.0,23.0,68.0,17.0,25.0,17.0,9.0,8.0,35.0,9.0,15.0,9.0,30.0,7.0,15.0,9.0,183.0,9.0,14.0,18.0,8.0,26.0
IA_CED,27.0,19.0,13.0,14.0,278.0,10.0,34.0,8.0,11.0,10.0,10.0,10.0,10.0,7.0,7.0,17.0,34.0,7.0,27.0,7.0,10.0,28.0,46.0,26.0,25.0,20.0,49.0,11.0,46.0,7.0,8.0,11.0,13.0,27.0,9.0,46.0,16.0,15.0,86.0,11.0,132.0,72.0,9.0,53.0,37.0,9.0,22.0,32.0,8.0,8.0,9.0,12.0,16.0,107.0,43.0,23.0,88.0,28.0,20.0,31.0,13.0,27.0,8.0,8.0,128.0,13.0,12.0,17.0,11.0,14.0,18.0,12.0,14.0,19.0,8.0,8.0,12.0,34.0,20.0,20.0,10.0,62.0,14.0,62.0,14.0,62.0,46.0,13.0,21.0,134.0,63.0,54.0,14.0,15.0,15.0,15.0,9.0,13.0,12.0,16.0,19.0,19.0,20.0,7.0,8.0,10.0,15.0,50.0,39.0,18.0,10.0,16.0,22.0,41.0,92.0,278.0,92.0,38.0,14.0,22.0,14.0,278.0,34.0,12.0,12.0,12.0,12.0,12.0,10.0,10.0,27.0,20.0,9.0,11.0,12.0,12.0,20.0
IA_DES,13.0,13.0,11.0,21.0,12.0,8.0,10.0,16.0,19.0,20.0,12.0,20.0,14.0,13.0,13.0,20.0,9.0,16.0,8.0,19.0,8.0,16.0,29.0,14.0,8.0,29.0,16.0,160.0,11.0,14.0,15.0,49.0,40.0,35.0,11.0,7.0,33.0,12.0,10.0,12.0,28.0,12.0,7.0,23.0,9.0,15.0,13.0,8.0,36.0,12.0,9.0,31.0,13.0,9.0,13.0,15.0,9.0,19.0,11.0,8.0,37.0,19.0,8.0,39.0,14.0,8.0,18.0,20.0,10.0,8.0,24.0,34.0,18.0,10.0,17.0,12.0,15.0,12.0,45.0,11.0,14.0,173.0,18.0,10.0,18.0,11.0,15.0,10.0,11.0,9.0,32.0,14.0,18.0,33.0,14.0,10.0,9.0,17.0,12.0,53.0,8.0,23.0,23.0,14.0,11.0,7.0,16.0,7.0,43.0,28.0,7.0,40.0,13.0,13.0,22.0,28.0,14.0,15.0,30.0,56.0,15.0,35.0,7.0,16.0,8.0,17.0,13.0,8.0,16.0,16.0,49.0,11.0,32.0,22.0,92.0,92.0,12.0
IA_DUB,30.0,17.0,14.0,14.0,8.0,7.0,41.0,10.0,12.0,14.0,9.0,14.0,13.0,12.0,10.0,14.0,41.0,12.0,11.0,25.0,22.0,16.0,35.0,25.0,9.0,8.0,19.0,16.0,93.0,17.0,13.0,30.0,23.0,13.0,12.0,24.0,10.0,13.0,23.0,41.0,74.0,30.0,17.0,42.0,38.0,38.0,14.0,19.0,8.0,8.0,13.0,18.0,20.0,99.0,20.0,21.0,89.0,17.0,12.0,10.0,25.0,17.0,15.0,23.0,153.0,17.0,17.0,13.0,11.0,13.0,10.0,9.0,11.0,55.0,15.0,8.0,11.0,41.0,8.0,8.0,8.0,90.0,11.0,11.0,11.0,90.0,10.0,14.0,58.0,43.0,9.0,49.0,10.0,9.0,9.0,9.0,11.0,12.0,13.0,11.0,19.0,20.0,8.0,15.0,10.0,10.0,32.0,48.0,34.0,14.0,11.0,16.0,14.0,13.0,15.0,8.0,16.0,33.0,15.0,8.0,15.0,309.0,41.0,8.0,37.0,37.0,8.0,37.0,9.0,9.0,10.0,16.0,7.0,25.0,37.0,37.0,17.0
ID_TWI,43.0,43.0,43.0,43.0,10.0,151.0,34.0,42.0,8.0,45.0,24.0,19.0,12.0,28.0,30.0,61.0,29.0,65.0,46.0,17.0,15.0,46.0,17.0,11.0,46.0,46.0,21.0,8.0,21.0,29.0,43.0,12.0,8.0,20.0,43.0,43.0,20.0,20.0,12.0,12.0,14.0,14.0,20.0,20.0,9.0,20.0,20.0,151.0,151.0,10.0,10.0,9.0,10.0,43.0,43.0,43.0,21.0,21.0,7.0,63.0,13.0,9.0,10.0,8.0,43.0,20.0,31.0,57.0,9.0,9.0,77.0,21.0,21.0,10.0,14.0,10.0,8.0,14.0,17.0,14.0,100.0,71.0,100.0,100.0,100.0,100.0,20.0,43.0,8.0,43.0,10.0,151.0,10.0,22.0,10.0,19.0,100.0,100.0,9.0,8.0,100.0,10.0,77.0,77.0,60.0,21.0,13.0,43.0,43.0,43.0,9.0,151.0,12.0,20.0,18.0,17.0,25.0,18.0,9.0,10.0,9.0,151.0,7.0,7.0,17.0,17.0,17.0,17.0,34.0,8.0,43.0,9.0,10.0,9.0,17.0,17.0,17.0
IL_BLO,13.0,11.0,29.0,17.0,20.0,9.0,8.0,8.0,9.0,19.0,50.0,50.0,45.0,70.0,70.0,28.0,25.0,8.0,25.0,12.0,23.0,28.0,27.0,19.0,11.0,14.0,10.0,17.0,20.0,9.0,30.0,93.0,49.0,25.0,9.0,50.0,29.0,8.0,13.0,33.0,40.0,43.0,20.0,22.0,49.0,43.0,31.0,20.0,31.0,28.0,11.0,19.0,16.0,15.0,25.0,8.0,9.0,69.0,12.0,50.0,53.0,33.0,33.0,29.0,17.0,38.0,33.0,20.0,11.0,14.0,15.0,38.0,11.0,18.0,15.0,12.0,12.0,9.0,17.0,21.0,7.0,14.0,12.0,10.0,12.0,7.0,54.0,46.0,115.0,49.0,12.0,8.0,16.0,8.0,32.0,11.0,14.0,14.0,32.0,16.0,35.0,16.0,17.0,26.0,19.0,11.0,26.0,12.0,21.0,16.0,50.0,12.0,13.0,9.0,41.0,14.0,36.0,16.0,27.0,13.0,10.0,29.0,11.0,14.0,14.0,18.0,17.0,12.0,14.0,8.0,11.0,18.0,25.0,22.0,16.0,17.0,39.0
IL_CHI,68.0,22.0,23.0,12.0,11.0,9.0,10.0,34.0,21.0,40.0,68.0,39.0,19.0,33.0,30.0,59.0,9.0,24.0,17.0,59.0,64.0,9.0,125.0,61.0,17.0,13.0,23.0,89.0,97.0,15.0,139.0,661.0,490.0,37.0,85.0,303.0,125.0,76.0,192.0,104.0,365.0,241.0,121.0,32.0,71.0,148.0,112.0,88.0,26.0,63.0,13.0,57.0,16.0,227.0,151.0,44.0,51.0,232.0,108.0,47.0,94.0,37.0,152.0,215.0,22.0,17.0,9.0,89.0,27.0,39.0,10.0,35.0,64.0,51.0,77.0,11.0,68.0,10.0,13.0,12.0,8.0,21.0,24.0,23.0,51.0,30.0,259.0,276.0,200.0,107.0,47.0,36.0,13.0,68.0,16.0,11.0,54.0,11.0,81.0,70.0,105.0,8.0,11.0,27.0,27.0,14.0,73.0,50.0,52.0,105.0,68.0,7.0,41.0,28.0,158.0,23.0,156.0,196.0,46.0,36.0,23.0,18.0,25.0,31.0,15.0,26.0,41.0,26.0,20.0,11.0,67.0,137.0,193.0,142.0,8.0,19.0,10.0
IL_JOL,71.0,8.0,24.0,10.0,11.0,12.0,9.0,21.0,13.0,35.0,39.0,34.0,17.0,25.0,24.0,42.0,27.0,23.0,13.0,44.0,34.0,8.0,102.0,45.0,8.0,10.0,41.0,68.0,49.0,17.0,38.0,453.0,358.0,35.0,51.0,96.0,64.0,43.0,127.0,41.0,290.0,187.0,82.0,20.0,77.0,96.0,59.0,33.0,19.0,43.0,9.0,54.0,13.0,160.0,89.0,38.0,42.0,191.0,79.0,28.0,83.0,42.0,127.0,147.0,11.0,37.0,27.0,79.0,15.0,36.0,11.0,16.0,46.0,43.0,77.0,8.0,55.0,10.0,18.0,12.0,21.0,14.0,18.0,20.0,33.0,16.0,186.0,199.0,153.0,49.0,41.0,10.0,12.0,33.0,15.0,12.0,44.0,51.0,62.0,55.0,65.0,20.0,10.0,25.0,18.0,10.0,54.0,46.0,32.0,91.0,71.0,7.0,38.0,29.0,130.0,11.0,133.0,98.0,29.0,23.0,18.0,8.0,33.0,18.0,12.0,15.0,57.0,22.0,16.0,8.0,54.0,89.0,145.0,121.0,10.0,8.0,25.0
IL_QUI,8.0,17.0,65.0,65.0,26.0,13.0,24.0,10.0,10.0,8.0,8.0,8.0,8.0,13.0,13.0,24.0,24.0,8.0,14.0,11.0,11.0,14.0,27.0,23.0,8.0,8.0,8.0,13.0,13.0,15.0,17.0,20.0,16.0,7.0,9.0,9.0,20.0,25.0,9.0,42.0,30.0,27.0,25.0,9.0,15.0,25.0,7.0,52.0,52.0,10.0,8.0,8.0,8.0,7.0,72.0,7.0,17.0,8.0,17.0,27.0,13.0,9.0,13.0,7.0,65.0,10.0,15.0,14.0,14.0,8.0,14.0,13.0,13.0,9.0,40.0,8.0,69.0,24.0,15.0,15.0,109.0,109.0,14.0,109.0,14.0,109.0,9.0,7.0,7.0,72.0,8.0,8.0,8.0,11.0,11.0,11.0,63.0,109.0,65.0,70.0,109.0,10.0,14.0,14.0,14.0,13.0,17.0,13.0,9.0,22.0,9.0,52.0,52.0,17.0,14.0,8.0,13.0,15.0,52.0,8.0,52.0,52.0,24.0,8.0,8.0,8.0,8.0,8.0,11.0,11.0,72.0,72.0,9.0,12.0,8.0,8.0,8.0
IL_RFD,22.0,13.0,23.0,75.0,48.0,31.0,21.0,8.0,10.0,48.0,12.0,12.0,10.0,38.0,37.0,10.0,29.0,41.0,39.0,16.0,10.0,40.0,13.0,64.0,28.0,21.0,9.0,13.0,28.0,24.0,16.0,28.0,22.0,7.0,11.0,14.0,12.0,11.0,15.0,26.0,29.0,33.0,8.0,11.0,8.0,10.0,8.0,43.0,33.0,58.0,9.0,22.0,13.0,20.0,13.0,84.0,12.0,31.0,12.0,8.0,16.0,10.0,44.0,14.0,22.0,33.0,29.0,66.0,11.0,9.0,30.0,49.0,60.0,27.0,25.0,12.0,97.0,10.0,18.0,22.0,12.0,26.0,16.0,16.0,16.0,11.0,20.0,34.0,26.0,10.0,75.0,69.0,26.0,8.0,22.0,19.0,8.0,39.0,8.0,10.0,30.0,43.0,24.0,60.0,8.0,111.0,20.0,11.0,10.0,76.0,10.0,564.0,14.0,14.0,24.0,27.0,21.0,21.0,16.0,32.0,16.0,24.0,47.0,11.0,33.0,11.0,9.0,48.0,19.0,15.0,12.0,11.0,9.0,19.0,193.0,15.0,44.0
IL_ROC,56.0,17.0,12.0,9.0,9.0,19.0,13.0,15.0,10.0,8.0,8.0,13.0,10.0,8.0,8.0,34.0,108.0,13.0,28.0,26.0,22.0,35.0,51.0,30.0,12.0,11.0,42.0,20.0,16.0,8.0,46.0,203.0,99.0,19.0,20.0,36.0,25.0,17.0,27.0,38.0,68.0,96.0,11.0,50.0,52.0,8.0,30.0,17.0,10.0,9.0,20.0,36.0,24.0,121.0,36.0,27.0,15.0,52.0,22.0,19.0,44.0,19.0,59.0,51.0,10.0,32.0,26.0,37.0,39.0,24.0,11.0,10.0,12.0,10.0,64.0,24.0,16.0,108.0,11.0,12.0,9.0,8.0,11.0,7.0,11.0,8.0,24.0,39.0,153.0,77.0,12.0,60.0,11.0,41.0,41.0,9.0,15.0,15.0,11.0,13.0,60.0,28.0,14.0,12.0,13.0,8.0,31.0,32.0,21.0,30.0,49.0,16.0,25.0,22.0,32.0,12.0,38.0,44.0,25.0,15.0,23.0,11.0,32.0,12.0,9.0,13.0,35.0,10.0,15.0,16.0,32.0,12.0,35.0,39.0,100.0,100.0,33.0
IL_TAY,14.0,15.0,11.0,9.0,37.0,7.0,12.0,17.0,15.0,30.0,10.0,10.0,12.0,30.0,30.0,8.0,66.0,8.0,17.0,16.0,17.0,8.0,17.0,27.0,24.0,15.0,13.0,9.0,10.0,10.0,34.0,40.0,14.0,20.0,31.0,24.0,33.0,35.0,19.0,14.0,27.0,22.0,52.0,24.0,13.0,14.0,9.0,10.0,18.0,11.0,11.0,16.0,21.0,16.0,13.0,338.0,26.0,9.0,12.0,10.0,9.0,37.0,24.0,21.0,141.0,8.0,30.0,21.0,36.0,8.0,8.0,11.0,9.0,8.0,16.0,21.0,10.0,11.0,9.0,9.0,208.0,8.0,8.0,208.0,8.0,208.0,20.0,30.0,11.0,18.0,12.0,15.0,11.0,8.0,36.0,11.0,56.0,10.0,19.0,8.0,31.0,11.0,14.0,20.0,23.0,12.0,14.0,10.0,8.0,19.0,19.0,9.0,9.0,10.0,55.0,12.0,25.0,39.0,19.0,23.0,15.0,9.0,16.0,7.0,10.0,9.0,7.0,13.0,8.0,14.0,32.0,26.0,14.0,22.0,11.0,18.0,12.0
IN_EVA,43.0,27.0,12.0,17.0,25.0,19.0,79.0,30.0,8.0,20.0,19.0,19.0,18.0,12.0,51.0,36.0,26.0,19.0,26.0,12.0,10.0,20.0,31.0,35.0,7.0,17.0,51.0,8.0,47.0,9.0,10.0,74.0,40.0,14.0,8.0,20.0,8.0,17.0,11.0,46.0,31.0,43.0,14.0,96.0,98.0,18.0,16.0,9.0,10.0,14.0,17.0,27.0,9.0,79.0,55.0,46.0,8.0,31.0,23.0,15.0,8.0,27.0,13.0,15.0,10.0,22.0,22.0,17.0,15.0,8.0,11.0,95.0,19.0,11.0,8.0,10.0,9.0,79.0,22.0,7.0,13.0,13.0,22.0,19.0,22.0,20.0,26.0,46.0,36.0,27.0,17.0,13.0,34.0,27.0,9.0,27.0,16.0,30.0,35.0,16.0,22.0,56.0,8.0,19.0,27.0,95.0,11.0,15.0,22.0,23.0,59.0,460.0,22.0,14.0,58.0,97.0,44.0,48.0,7.0,68.0,26.0,17.0,7.0,29.0,8.0,10.0,90.0,9.0,16.0,10.0,16.0,13.0,10.0,60.0,12.0,9.0,10.0
IN_FTW,29.0,15.0,19.0,9.0,11.0,13.0,16.0,15.0,17.0,9.0,10.0,23.0,19.0,17.0,14.0,16.0,13.0,13.0,16.0,36.0,11.0,46.0,73.0,43.0,23.0,51.0,11.0,43.0,75.0,15.0,43.0,215.0,151.0,23.0,18.0,75.0,34.0,29.0,84.0,116.0,229.0,136.0,91.0,14.0,63.0,49.0,44.0,11.0,28.0,14.0,23.0,18.0,7.0,101.0,39.0,11.0,8.0,49.0,29.0,10.0,62.0,17.0,51.0,44.0,12.0,11.0,9.0,25.0,33.0,32.0,12.0,17.0,11.0,14.0,51.0,11.0,14.0,9.0,12.0,11.0,8.0,11.0,15.0,16.0,15.0,16.0,74.0,117.0,123.0,145.0,18.0,18.0,22.0,34.0,11.0,8.0,40.0,22.0,90.0,96.0,65.0,8.0,13.0,15.0,45.0,176.0,17.0,8.0,83.0,15.0,58.0,12.0,9.0,12.0,75.0,14.0,54.0,33.0,16.0,11.0,13.0,23.0,9.0,10.0,18.0,16.0,52.0,19.0,34.0,19.0,8.0,21.0,30.0,19.0,17.0,54.0,8.0
IN_GRY,51.0,27.0,13.0,28.0,13.0,24.0,20.0,47.0,9.0,10.0,31.0,34.0,23.0,18.0,22.0,43.0,13.0,21.0,18.0,49.0,19.0,74.0,113.0,84.0,25.0,159.0,20.0,115.0,110.0,10.0,104.0,156.0,97.0,13.0,65.0,130.0,86.0,86.0,106.0,176.0,210.0,125.0,48.0,34.0,129.0,127.0,125.0,20.0,9.0,12.0,31.0,28.0,11.0,156.0,98.0,26.0,22.0,172.0,62.0,31.0,32.0,48.0,73.0,63.0,59.0,20.0,14.0,65.0,28.0,82.0,63.0,16.0,42.0,16.0,75.0,13.0,29.0,8.0,9.0,24.0,15.0,11.0,17.0,18.0,17.0,10.0,202.0,251.0,216.0,90.0,41.0,46.0,58.0,62.0,18.0,7.0,68.0,64.0,107.0,107.0,86.0,37.0,10.0,18.0,22.0,22.0,63.0,33.0,56.0,48.0,102.0,12.0,30.0,42.0,148.0,14.0,118.0,38.0,50.0,24.0,17.0,34.0,14.0,11.0,21.0,54.0,28.0,20.0,17.0,22.0,47.0,107.0,129.0,146.0,20.0,21.0,7.0
IN_IND,56.0,35.0,18.0,13.0,15.0,15.0,15.0,19.0,26.0,11.0,27.0,15.0,9.0,19.0,22.0,10.0,22.0,28.0,15.0,39.0,38.0,18.0,67.0,15.0,24.0,11.0,24.0,37.0,44.0,10.0,83.0,228.0,149.0,34.0,41.0,59.0,47.0,88.0,65.0,97.0,226.0,91.0,40.0,9.0,47.0,87.0,42.0,22.0,18.0,13.0,7.0,17.0,10.0,277.0,64.0,65.0,14.0,25.0,22.0,11.0,39.0,25.0,37.0,32.0,21.0,20.0,8.0,39.0,25.0,35.0,9.0,8.0,19.0,12.0,22.0,8.0,19.0,15.0,7.0,47.0,16.0,15.0,8.0,21.0,23.0,11.0,108.0,143.0,201.0,49.0,18.0,12.0,40.0,8.0,11.0,8.0,36.0,35.0,30.0,46.0,66.0,63.0,10.0,13.0,24.0,10.0,30.0,83.0,70.0,79.0,54.0,9.0,15.0,19.0,53.0,15.0,59.0,59.0,12.0,16.0,27.0,15.0,22.0,13.0,15.0,31.0,22.0,9.0,13.0,9.0,10.0,44.0,58.0,49.0,22.0,18.0,23.0
IN_SBD,75.0,34.0,28.0,12.0,15.0,27.0,20.0,50.0,8.0,12.0,29.0,33.0,22.0,9.0,22.0,53.0,7.0,23.0,23.0,58.0,18.0,87.0,120.0,85.0,41.0,163.0,20.0,106.0,101.0,16.0,129.0,410.0,313.0,33.0,90.0,105.0,48.0,101.0,119.0,139.0,340.0,145.0,152.0,42.0,149.0,147.0,145.0,21.0,11.0,26.0,45.0,37.0,11.0,298.0,140.0,26.0,12.0,193.0,61.0,38.0,35.0,50.0,116.0,88.0,68.0,14.0,11.0,66.0,58.0,110.0,67.0,22.0,47.0,22.0,85.0,13.0,38.0,12.0,9.0,13.0,18.0,17.0,34.0,10.0,34.0,11.0,283.0,268.0,296.0,109.0,46.0,61.0,58.0,66.0,19.0,8.0,73.0,78.0,142.0,122.0,118.0,33.0,10.0,25.0,30.0,8.0,63.0,31.0,112.0,36.0,124.0,14.0,71.0,79.0,206.0,20.0,162.0,79.0,53.0,31.0,24.0,48.0,18.0,12.0,18.0,34.0,52.0,20.0,20.0,8.0,56.0,101.0,131.0,249.0,28.0,61.0,9.0
IN_TER,42.0,28.0,15.0,14.0,8.0,29.0,12.0,10.0,12.0,14.0,13.0,17.0,17.0,11.0,8.0,27.0,8.0,8.0,14.0,21.0,14.0,14.0,45.0,36.0,12.0,12.0,21.0,31.0,32.0,15.0,66.0,69.0,55.0,12.0,28.0,41.0,44.0,54.0,20.0,31.0,33.0,53.0,63.0,13.0,18.0,9.0,22.0,13.0,32.0,8.0,10.0,8.0,8.0,63.0,25.0,8.0,77.0,12.0,12.0,22.0,9.0,8.0,22.0,20.0,17.0,24.0,24.0,15.0,7.0,22.0,78.0,77.0,14.0,15.0,15.0,9.0,8.0,72.0,24.0,11.0,11.0,10.0,13.0,12.0,13.0,14.0,61.0,36.0,30.0,16.0,17.0,10.0,33.0,16.0,16.0,8.0,19.0,18.0,23.0,20.0,31.0,35.0,26.0,38.0,24.0,77.0,24.0,71.0,35.0,57.0,22.0,7.0,11.0,33.0,22.0,298.0,28.0,21.0,11.0,11.0,40.0,36.0,12.0,24.0,9.0,30.0,27.0,10.0,8.0,16.0,51.0,29.0,29.0,29.0,12.0,28.0,7.0
KS_HUT,14.0,9.0,14.0,8.0,20.0,31.0,14.0,16.0,18.0,18.0,21.0,9.0,18.0,8.0,8.0,35.0,8.0,9.0,14.0,14.0,15.0,14.0,7.0,87.0,10.0,7.0,21.0,33.0,46.0,11.0,39.0,39.0,39.0,23.0,11.0,8.0,16.0,10.0,16.0,8.0,40.0,20.0,8.0,7.0,13.0,11.0,7.0,33.0,14.0,10.0,8.0,15.0,10.0,20.0,17.0,9.0,9.0,10.0,23.0,11.0,8.0,12.0,65.0,19.0,8.0,10.0,8.0,9.0,25.0,10.0,12.0,46.0,22.0,8.0,37.0,10.0,44.0,59.0,9.0,8.0,11.0,44.0,44.0,44.0,44.0,44.0,12.0,13.0,38.0,13.0,28.0,41.0,9.0,11.0,11.0,11.0,44.0,44.0,11.0,8.0,8.0,10.0,25.0,10.0,9.0,46.0,10.0,10.0,11.0,35.0,14.0,34.0,13.0,25.0,81.0,17.0,112.0,39.0,7.0,25.0,8.0,9.0,14.0,13.0,10.0,11.0,11.0,17.0,7.0,11.0,9.0,15.0,13.0,15.0,31.0,31.0,9.0
KY_BOW,63.0,141.0,28.0,51.0,15.0,31.0,106.0,31.0,35.0,12.0,10.0,12.0,10.0,32.0,10.0,42.0,33.0,13.0,21.0,63.0,17.0,26.0,176.0,124.0,30.0,12.0,55.0,7.0,47.0,13.0,8.0,83.0,64.0,265.0,26.0,71.0,11.0,46.0,28.0,72.0,74.0,35.0,47.0,8.0,393.0,27.0,83.0,18.0,11.0,16.0,24.0,13.0,8.0,87.0,42.0,31.0,126.0,25.0,16.0,32.0,108.0,20.0,14.0,129.0,81.0,10.0,25.0,68.0,26.0,22.0,15.0,126.0,7.0,9.0,12.0,9.0,18.0,106.0,25.0,8.0,170.0,302.0,7.0,164.0,7.0,164.0,19.0,56.0,164.0,62.0,16.0,20.0,11.0,14.0,14.0,14.0,16.0,32.0,28.0,16.0,8.0,53.0,16.0,56.0,68.0,126.0,12.0,132.0,208.0,74.0,494.0,508.0,42.0,46.0,90.0,73.0,77.0,47.0,23.0,72.0,13.0,17.0,7.0,12.0,32.0,55.0,17.0,10.0,9.0,14.0,14.0,19.0,10.0,57.0,10.0,11.0,16.0
KY_LEX,67.0,45.0,12.0,22.0,26.0,12.0,20.0,13.0,20.0,10.0,10.0,8.0,12.0,8.0,7.0,28.0,14.0,16.0,13.0,83.0,16.0,8.0,96.0,8.0,9.0,9.0,8.0,21.0,9.0,22.0,14.0,278.0,207.0,151.0,15.0,20.0,16.0,127.0,53.0,69.0,183.0,84.0,11.0,26.0,106.0,138.0,90.0,10.0,17.0,53.0,50.0,20.0,14.0,61.0,33.0,26.0,13.0,51.0,10.0,33.0,24.0,33.0,43.0,71.0,7.0,8.0,26.0,53.0,17.0,18.0,14.0,11.0,7.0,17.0,10.0,13.0,47.0,98.0,26.0,26.0,8.0,9.0,9.0,15.0,51.0,9.0,68.0,108.0,85.0,50.0,14.0,17.0,17.0,11.0,8.0,9.0,36.0,60.0,41.0,51.0,66.0,96.0,10.0,21.0,23.0,10.0,14.0,19.0,59.0,35.0,114.0,9.0,97.0,13.0,55.0,9.0,55.0,87.0,9.0,10.0,95.0,14.0,9.0,15.0,46.0,15.0,15.0,9.0,18.0,7.0,8.0,50.0,20.0,68.0,45.0,21.0,8.0
KY_LOU,63.0,26.0,10.0,27.0,24.0,9.0,15.0,15.0,18.0,11.0,18.0,17.0,12.0,8.0,11.0,18.0,12.0,11.0,10.0,43.0,20.0,35.0,118.0,19.0,19.0,39.0,11.0,13.0,10.0,10.0,18.0,109.0,61.0,8.0,55.0,21.0,20.0,15.0,34.0,23.0,106.0,77.0,16.0,12.0,36.0,31.0,105.0,11.0,8.0,24.0,17.0,22.0,23.0,104.0,70.0,25.0,10.0,25.0,17.0,23.0,13.0,29.0,83.0,54.0,12.0,8.0,24.0,71.0,10.0,14.0,17.0,10.0,14.0,8.0,12.0,21.0,20.0,69.0,24.0,8.0,15.0,9.0,42.0,8.0,47.0,14.0,60.0,103.0,71.0,43.0,19.0,29.0,10.0,9.0,13.0,15.0,38.0,43.0,32.0,39.0,96.0,26.0,22.0,18.0,43.0,104.0,8.0,52.0,14.0,76.0,56.0,9.0,153.0,44.0,76.0,13.0,80.0,53.0,40.0,17.0,158.0,9.0,8.0,12.0,8.0,20.0,11.0,15.0,26.0,14.0,53.0,21.0,40.0,30.0,38.0,25.0,10.0
LA_NEW,93.0,56.0,94.0,20.0,17.0,51.0,18.0,26.0,21.0,15.0,9.0,15.0,15.0,12.0,14.0,17.0,115.0,8.0,15.0,66.0,25.0,42.0,33.0,11.0,32.0,9.0,18.0,29.0,11.0,20.0,13.0,8.0,8.0,7.0,58.0,8.0,10.0,9.0,10.0,10.0,20.0,10.0,11.0,8.0,15.0,46.0,8.0,1732.0,83.0,15.0,8.0,26.0,23.0,10.0,29.0,11.0,90.0,19.0,13.0,12.0,17.0,17.0,8.0,35.0,37.0,20.0,20.0,31.0,11.0,11.0,38.0,90.0,90.0,8.0,13.0,23.0,9.0,115.0,12.0,11.0,110.0,12.0,110.0,110.0,110.0,8.0,8.0,13.0,37.0,11.0,16.0,21.0,8.0,33.0,14.0,9.0,7.0,110.0,8.0,13.0,35.0,8.0,32.0,29.0,22.0,90.0,10.0,18.0,12.0,49.0,16.0,8.0,88.0,201.0,207.0,76.0,117.0,660.0,15.0,128.0,53.0,63.0,8.0,21.0,30.0,16.0,23.0,11.0,8.0,14.0,17.0,13.0,10.0,10.0,10.0,10.0,10.0
LA_SHR,46.0,32.0,34.0,16.0,32.0,127.0,10.0,23.0,8.0,28.0,20.0,18.0,15.0,12.0,19.0,28.0,10.0,10.0,23.0,92.0,60.0,14.0,29.0,9.0,20.0,24.0,8.0,20.0,12.0,7.0,8.0,23.0,17.0,105.0,17.0,15.0,10.0,16.0,126.0,13.0,18.0,16.0,20.0,18.0,17.0,12.0,10.0,223.0,884.0,10.0,10.0,16.0,10.0,9.0,11.0,7.0,8.0,18.0,11.0,11.0,22.0,47.0,23.0,21.0,49.0,8.0,42.0,150.0,135.0,16.0,17.0,10.0,67.0,12.0,15.0,10.0,9.0,8.0,12.0,18.0,78.0,78.0,78.0,78.0,78.0,78.0,19.0,16.0,30.0,18.0,145.0,75.0,8.0,11.0,102.0,81.0,19.0,78.0,12.0,14.0,12.0,8.0,11.0,13.0,7.0,10.0,8.0,16.0,15.0,32.0,21.0,11.0,150.0,259.0,558.0,43.0,492.0,991.0,17.0,84.0,41.0,381.0,19.0,14.0,18.0,14.0,10.0,12.0,11.0,102.0,9.0,15.0,20.0,13.0,10.0,8.0,21.0
MA_BOS,8.0,64.0,64.0,64.0,95.0,95.0,19.0,30.0,31.0,13.0,15.0,15.0,15.0,15.0,15.0,44.0,44.0,34.0,12.0,20.0,15.0,12.0,14.0,7.0,10.0,75.0,10.0,10.0,10.0,8.0,206.0,26.0,11.0,73.0,16.0,206.0,73.0,8.0,28.0,17.0,13.0,15.0,73.0,14.0,10.0,7.0,11.0,7.0,95.0,78.0,13.0,68.0,19.0,9.0,18.0,206.0,10.0,10.0,10.0,14.0,10.0,14.0,9.0,14.0,64.0,21.0,21.0,23.0,8.0,9.0,20.0,10.0,10.0,14.0,14.0,14.0,63.0,44.0,10.0,8.0,20.0,155.0,26.0,9.0,26.0,11.0,15.0,22.0,21.0,23.0,7.0,7.0,8.0,9.0,9.0,7.0,57.0,11.0,49.0,52.0,14.0,10.0,17.0,16.0,22.0,10.0,10.0,12.0,8.0,9.0,8.0,95.0,95.0,13.0,45.0,95.0,47.0,10.0,95.0,95.0,95.0,95.0,10.0,64.0,15.0,13.0,8.0,26.0,7.0,7.0,206.0,9.0,19.0,15.0,74.0,74.0,11.0
MA_SPR,19.0,78.0,13.0,16.0,117.0,117.0,13.0,17.0,18.0,12.0,8.0,8.0,8.0,9.0,9.0,30.0,30.0,21.0,8.0,9.0,9.0,10.0,9.0,9.0,16.0,63.0,9.0,9.0,9.0,23.0,24.0,15.0,13.0,85.0,10.0,286.0,10.0,10.0,10.0,9.0,7.0,7.0,85.0,18.0,8.0,18.0,13.0,22.0,117.0,54.0,14.0,45.0,8.0,9.0,27.0,9.0,9.0,9.0,9.0,18.0,9.0,18.0,9.0,12.0,78.0,23.0,23.0,10.0,17.0,23.0,8.0,9.0,9.0,18.0,18.0,12.0,15.0,30.0,12.0,10.0,12.0,9.0,10.0,10.0,10.0,8.0,26.0,22.0,16.0,7.0,10.0,117.0,12.0,11.0,8.0,10.0,14.0,15.0,21.0,26.0,9.0,13.0,34.0,38.0,12.0,9.0,9.0,16.0,13.0,11.0,11.0,117.0,10.0,34.0,51.0,8.0,53.0,23.0,117.0,117.0,117.0,117.0,10.0,14.0,10.0,12.0,14.0,11.0,9.0,20.0,286.0,20.0,25.0,27.0,66.0,66.0,11.0
MD_BAL,31.0,15.0,15.0,19.0,207.0,11.0,13.0,16.0,17.0,12.0,11.0,91.0,15.0,8.0,116.0,8.0,12.0,65.0,19.0,52.0,35.0,26.0,85.0,7.0,30.0,12.0,35.0,40.0,25.0,7.0,18.0,120.0,78.0,284.0,10.0,40.0,10.0,128.0,88.0,95.0,60.0,152.0,15.0,11.0,129.0,37.0,64.0,20.0,7.0,124.0,26.0,248.0,10.0,66.0,65.0,11.0,8.0,18.0,12.0,34.0,35.0,77.0,20.0,24.0,7.0,24.0,24.0,148.0,61.0,110.0,30.0,82.0,82.0,9.0,10.0,27.0,72.0,53.0,24.0,14.0,26.0,32.0,35.0,9.0,35.0,38.0,44.0,157.0,73.0,56.0,8.0,207.0,15.0,16.0,16.0,16.0,80.0,10.0,161.0,92.0,93.0,10.0,11.0,16.0,26.0,82.0,82.0,15.0,56.0,14.0,16.0,207.0,28.0,27.0,25.0,207.0,23.0,50.0,34.0,8.0,34.0,7.0,18.0,429.0,92.0,179.0,30.0,158.0,11.0,16.0,18.0,9.0,13.0,22.0,86.0,22.0,11.0
ME_AUG,8.0,32.0,32.0,32.0,46.0,46.0,14.0,21.0,10.0,19.0,9.0,11.0,11.0,19.0,19.0,29.0,29.0,94.0,11.0,19.0,24.0,12.0,12.0,32.0,54.0,54.0,9.0,9.0,9.0,8.0,75.0,12.0,9.0,31.0,7.0,75.0,31.0,31.0,9.0,18.0,15.0,14.0,31.0,9.0,10.0,31.0,31.0,8.0,46.0,92.0,70.0,10.0,43.0,75.0,15.0,75.0,9.0,9.0,9.0,9.0,7.0,9.0,7.0,9.0,32.0,8.0,8.0,24.0,11.0,40.0,40.0,9.0,9.0,9.0,9.0,74.0,54.0,29.0,8.0,8.0,24.0,75.0,62.0,13.0,21.0,13.0,9.0,19.0,14.0,18.0,46.0,46.0,15.0,11.0,8.0,11.0,51.0,62.0,17.0,22.0,7.0,14.0,40.0,10.0,8.0,9.0,9.0,32.0,32.0,32.0,10.0,46.0,46.0,11.0,17.0,46.0,15.0,9.0,46.0,46.0,46.0,46.0,29.0,11.0,10.0,7.0,8.0,10.0,11.0,11.0,75.0,8.0,15.0,14.0,33.0,33.0,8.0
MI_DET,37.0,30.0,19.0,38.0,10.0,8.0,9.0,19.0,12.0,13.0,11.0,8.0,9.0,11.0,9.0,11.0,11.0,15.0,14.0,29.0,16.0,14.0,58.0,39.0,27.0,11.0,14.0,17.0,14.0,35.0,35.0,232.0,189.0,19.0,17.0,29.0,22.0,32.0,79.0,53.0,72.0,134.0,13.0,10.0,65.0,64.0,75.0,15.0,15.0,16.0,27.0,14.0,14.0,268.0,85.0,75.0,10.0,19.0,11.0,60.0,16.0,9.0,27.0,25.0,9.0,35.0,35.0,42.0,19.0,19.0,36.0,9.0,11.0,9.0,22.0,9.0,21.0,109.0,18.0,7.0,22.0,13.0,53.0,9.0,50.0,42.0,44.0,128.0,125.0,131.0,21.0,15.0,8.0,17.0,17.0,8.0,12.0,14.0,33.0,29.0,65.0,8.0,22.0,44.0,24.0,9.0,8.0,28.0,30.0,67.0,42.0,380.0,28.0,26.0,36.0,9.0,48.0,77.0,17.0,8.0,8.0,18.0,15.0,7.0,12.0,11.0,23.0,8.0,10.0,17.0,11.0,27.0,19.0,48.0,16.0,13.0,15.0
MI_RAP,26.0,16.0,9.0,16.0,9.0,22.0,26.0,30.0,15.0,12.0,13.0,19.0,18.0,8.0,8.0,15.0,80.0,14.0,9.0,36.0,42.0,13.0,29.0,28.0,14.0,17.0,16.0,8.0,13.0,14.0,26.0,78.0,43.0,11.0,45.0,16.0,19.0,17.0,19.0,46.0,43.0,125.0,27.0,27.0,12.0,32.0,37.0,13.0,7.0,18.0,21.0,28.0,16.0,74.0,153.0,21.0,9.0,9.0,9.0,8.0,8.0,36.0,15.0,11.0,10.0,30.0,30.0,9.0,18.0,23.0,15.0,23.0,43.0,18.0,18.0,16.0,23.0,14.0,8.0,19.0,9.0,8.0,11.0,9.0,8.0,8.0,32.0,34.0,81.0,14.0,9.0,9.0,10.0,36.0,25.0,36.0,18.0,12.0,37.0,21.0,46.0,8.0,14.0,12.0,21.0,123.0,19.0,24.0,10.0,28.0,9.0,8.0,49.0,45.0,50.0,14.0,45.0,66.0,31.0,8.0,31.0,8.0,9.0,25.0,8.0,10.0,22.0,14.0,9.0,23.0,44.0,13.0,8.0,16.0,7.0,19.0,9.0
MI_SAG,51.0,14.0,51.0,51.0,93.0,93.0,24.0,7.0,24.0,8.0,11.0,11.0,9.0,19.0,19.0,24.0,24.0,17.0,8.0,15.0,9.0,8.0,13.0,51.0,10.0,34.0,8.0,7.0,7.0,11.0,8.0,39.0,31.0,10.0,28.0,10.0,8.0,13.0,109.0,74.0,25.0,118.0,18.0,36.0,8.0,8.0,8.0,93.0,93.0,13.0,13.0,10.0,17.0,108.0,19.0,46.0,28.0,14.0,12.0,9.0,10.0,8.0,16.0,17.0,51.0,11.0,11.0,21.0,14.0,19.0,10.0,28.0,28.0,36.0,36.0,17.0,11.0,24.0,11.0,11.0,8.0,11.0,12.0,10.0,12.0,9.0,29.0,37.0,22.0,63.0,9.0,93.0,8.0,14.0,14.0,14.0,57.0,14.0,12.0,14.0,16.0,128.0,9.0,40.0,17.0,28.0,28.0,21.0,51.0,11.0,23.0,93.0,8.0,20.0,8.0,93.0,13.0,17.0,9.0,93.0,9.0,93.0,11.0,30.0,12.0,13.0,16.0,30.0,14.0,14.0,10.0,25.0,20.0,14.0,13.0,12.0,11.0
MN_DUL,7.0,37.0,37.0,37.0,8.0,50.0,22.0,22.0,22.0,12.0,9.0,9.0,9.0,13.0,11.0,8.0,22.0,9.0,9.0,10.0,21.0,9.0,11.0,37.0,9.0,21.0,14.0,20.0,9.0,8.0,18.0,25.0,15.0,12.0,8.0,11.0,33.0,33.0,8.0,9.0,9.0,9.0,33.0,64.0,33.0,33.0,33.0,11.0,50.0,11.0,14.0,15.0,14.0,14.0,11.0,46.0,279.0,8.0,41.0,64.0,9.0,7.0,8.0,9.0,37.0,8.0,8.0,7.0,11.0,11.0,11.0,95.0,11.0,64.0,11.0,14.0,23.0,22.0,8.0,8.0,23.0,23.0,23.0,23.0,23.0,23.0,16.0,8.0,18.0,15.0,8.0,9.0,8.0,9.0,9.0,9.0,23.0,23.0,23.0,23.0,12.0,8.0,11.0,11.0,9.0,26.0,8.0,8.0,37.0,37.0,37.0,50.0,50.0,10.0,8.0,50.0,8.0,10.0,50.0,50.0,50.0,50.0,8.0,15.0,15.0,15.0,15.0,15.0,9.0,9.0,9.0,14.0,10.0,31.0,15.0,15.0,8.0
MN_MIN,12.0,12.0,13.0,9.0,13.0,11.0,12.0,12.0,8.0,30.0,15.0,26.0,9.0,23.0,18.0,51.0,10.0,15.0,8.0,23.0,23.0,12.0,26.0,19.0,11.0,11.0,29.0,40.0,39.0,29.0,35.0,143.0,101.0,18.0,41.0,157.0,22.0,38.0,50.0,50.0,33.0,91.0,14.0,30.0,33.0,8.0,9.0,7.0,13.0,12.0,22.0,24.0,8.0,29.0,28.0,13.0,40.0,165.0,60.0,16.0,35.0,15.0,54.0,62.0,14.0,12.0,8.0,11.0,53.0,52.0,13.0,51.0,41.0,126.0,50.0,36.0,8.0,13.0,57.0,8.0,8.0,77.0,11.0,8.0,9.0,12.0,24.0,41.0,16.0,18.0,17.0,15.0,9.0,22.0,7.0,22.0,11.0,11.0,15.0,10.0,9.0,15.0,9.0,22.0,13.0,8.0,53.0,9.0,13.0,19.0,14.0,8.0,105.0,102.0,46.0,7.0,37.0,43.0,107.0,7.0,103.0,8.0,60.0,17.0,13.0,10.0,61.0,10.0,8.0,10.0,109.0,45.0,74.0,113.0,9.0,8.0,62.0
MN_STC,10.0,8.0,9.0,10.0,10.0,10.0,116.0,10.0,8.0,9.0,14.0,14.0,12.0,10.0,10.0,32.0,8.0,8.0,9.0,11.0,19.0,9.0,8.0,9.0,7.0,53.0,28.0,33.0,25.0,26.0,10.0,54.0,43.0,8.0,21.0,140.0,11.0,51.0,35.0,10.0,33.0,53.0,20.0,16.0,15.0,11.0,7.0,9.0,10.0,8.0,13.0,8.0,9.0,8.0,18.0,9.0,29.0,72.0,49.0,9.0,18.0,13.0,42.0,26.0,12.0,9.0,36.0,8.0,9.0,40.0,8.0,13.0,12.0,11.0,27.0,23.0,11.0,8.0,36.0,36.0,8.0,65.0,65.0,65.0,65.0,65.0,7.0,27.0,42.0,14.0,15.0,9.0,13.0,11.0,11.0,11.0,9.0,9.0,17.0,11.0,7.0,22.0,9.0,13.0,9.0,9.0,28.0,13.0,8.0,11.0,15.0,9.0,101.0,101.0,33.0,281.0,17.0,20.0,104.0,8.0,100.0,15.0,55.0,7.0,38.0,38.0,38.0,8.0,11.0,11.0,9.0,51.0,38.0,63.0,38.0,38.0,55.0
MO_GIR,10.0,10.0,11.0,19.0,32.0,9.0,26.0,8.0,10.0,14.0,23.0,23.0,11.0,37.0,37.0,12.0,26.0,8.0,12.0,24.0,29.0,7.0,16.0,15.0,12.0,8.0,12.0,20.0,15.0,23.0,30.0,45.0,32.0,12.0,17.0,17.0,9.0,10.0,16.0,37.0,9.0,8.0,12.0,10.0,37.0,53.0,61.0,14.0,19.0,13.0,12.0,15.0,16.0,14.0,31.0,27.0,22.0,24.0,19.0,14.0,11.0,44.0,15.0,16.0,13.0,23.0,23.0,8.0,10.0,7.0,9.0,47.0,12.0,26.0,8.0,16.0,18.0,26.0,23.0,8.0,114.0,114.0,12.0,8.0,12.0,8.0,9.0,10.0,9.0,10.0,18.0,10.0,8.0,23.0,23.0,14.0,21.0,9.0,25.0,17.0,8.0,8.0,10.0,39.0,37.0,47.0,12.0,11.0,9.0,35.0,36.0,8.0,16.0,64.0,15.0,66.0,10.0,33.0,16.0,85.0,14.0,11.0,26.0,14.0,9.0,9.0,8.0,8.0,8.0,23.0,26.0,17.0,54.0,14.0,7.0,8.0,8.0
MO_JEF,14.0,14.0,14.0,18.0,20.0,27.0,13.0,11.0,11.0,51.0,7.0,10.0,10.0,16.0,35.0,10.0,54.0,25.0,13.0,35.0,72.0,13.0,56.0,10.0,15.0,15.0,14.0,22.0,10.0,17.0,14.0,43.0,27.0,12.0,8.0,14.0,36.0,16.0,8.0,17.0,24.0,24.0,15.0,34.0,31.0,9.0,19.0,15.0,10.0,21.0,30.0,8.0,36.0,11.0,35.0,49.0,30.0,20.0,28.0,25.0,25.0,53.0,80.0,80.0,33.0,7.0,9.0,11.0,7.0,9.0,91.0,16.0,8.0,22.0,9.0,36.0,12.0,17.0,18.0,10.0,12.0,16.0,8.0,9.0,8.0,13.0,8.0,14.0,8.0,12.0,8.0,16.0,9.0,39.0,16.0,9.0,8.0,30.0,10.0,17.0,17.0,9.0,68.0,8.0,10.0,24.0,15.0,23.0,9.0,16.0,26.0,21.0,8.0,47.0,50.0,9.0,42.0,42.0,9.0,13.0,9.0,10.0,8.0,8.0,7.0,10.0,20.0,16.0,24.0,9.0,19.0,11.0,15.0,24.0,14.0,8.0,8.0
MO_JOP,58.0,12.0,12.0,16.0,79.0,67.0,15.0,25.0,14.0,10.0,11.0,11.0,11.0,10.0,9.0,62.0,46.0,9.0,22.0,58.0,29.0,14.0,84.0,13.0,52.0,13.0,29.0,24.0,37.0,9.0,9.0,22.0,38.0,15.0,25.0,14.0,8.0,14.0,44.0,12.0,39.0,14.0,20.0,23.0,20.0,13.0,15.0,30.0,23.0,9.0,15.0,24.0,8.0,14.0,13.0,14.0,21.0,13.0,10.0,13.0,42.0,41.0,53.0,37.0,15.0,10.0,50.0,41.0,12.0,51.0,13.0,9.0,8.0,13.0,33.0,9.0,9.0,7.0,8.0,20.0,7.0,76.0,11.0,76.0,11.0,8.0,10.0,23.0,7.0,9.0,65.0,44.0,13.0,32.0,12.0,32.0,14.0,76.0,8.0,8.0,9.0,13.0,52.0,29.0,34.0,15.0,21.0,14.0,13.0,51.0,42.0,23.0,57.0,24.0,102.0,20.0,86.0,86.0,34.0,22.0,16.0,12.0,12.0,14.0,36.0,13.0,72.0,11.0,10.0,14.0,14.0,17.0,10.0,16.0,72.0,72.0,17.0
MO_KAN,25.0,13.0,15.0,65.0,38.0,19.0,17.0,22.0,17.0,14.0,9.0,9.0,14.0,21.0,16.0,79.0,14.0,13.0,15.0,65.0,19.0,18.0,50.0,17.0,8.0,8.0,18.0,11.0,11.0,9.0,19.0,68.0,36.0,9.0,12.0,20.0,8.0,14.0,25.0,38.0,48.0,31.0,19.0,84.0,13.0,17.0,35.0,23.0,13.0,9.0,17.0,9.0,23.0,16.0,15.0,247.0,20.0,28.0,23.0,12.0,65.0,92.0,239.0,47.0,22.0,13.0,11.0,12.0,26.0,17.0,102.0,9.0,10.0,13.0,51.0,23.0,7.0,9.0,8.0,9.0,7.0,8.0,8.0,96.0,9.0,9.0,13.0,33.0,49.0,29.0,147.0,64.0,10.0,29.0,9.0,29.0,14.0,96.0,21.0,8.0,13.0,18.0,39.0,41.0,49.0,14.0,22.0,13.0,7.0,10.0,18.0,9.0,48.0,29.0,227.0,65.0,168.0,158.0,13.0,72.0,45.0,11.0,14.0,9.0,16.0,16.0,54.0,8.0,14.0,7.0,14.0,13.0,13.0,19.0,8.0,10.0,8.0
MO_STL,57.0,23.0,17.0,22.0,86.0,22.0,15.0,13.0,8.0,13.0,26.0,24.0,7.0,13.0,10.0,11.0,65.0,16.0,17.0,30.0,22.0,11.0,84.0,8.0,26.0,12.0,19.0,12.0,19.0,8.0,59.0,133.0,86.0,9.0,14.0,32.0,25.0,38.0,21.0,52.0,46.0,46.0,22.0,61.0,71.0,40.0,47.0,16.0,24.0,16.0,24.0,24.0,28.0,50.0,26.0,14.0,18.0,36.0,13.0,38.0,57.0,87.0,81.0,83.0,14.0,7.0,27.0,33.0,9.0,11.0,13.0,9.0,11.0,8.0,28.0,28.0,11.0,9.0,12.0,27.0,257.0,14.0,13.0,257.0,13.0,257.0,48.0,74.0,53.0,29.0,20.0,47.0,8.0,29.0,29.0,12.0,50.0,33.0,21.0,37.0,49.0,16.0,10.0,20.0,24.0,13.0,20.0,18.0,12.0,45.0,53.0,16.0,12.0,14.0,131.0,18.0,95.0,94.0,21.0,35.0,21.0,12.0,9.0,13.0,8.0,14.0,8.0,17.0,8.0,29.0,11.0,26.0,70.0,35.0,11.0,11.0,8.0
MS_JAC,110.0,35.0,170.0,29.0,19.0,55.0,21.0,21.0,25.0,10.0,14.0,14.0,11.0,11.0,12.0,14.0,12.0,15.0,21.0,68.0,18.0,25.0,228.0,8.0,22.0,46.0,16.0,8.0,18.0,25.0,27.0,41.0,44.0,135.0,8.0,15.0,19.0,10.0,50.0,24.0,15.0,25.0,10.0,14.0,120.0,39.0,11.0,124.0,71.0,8.0,45.0,18.0,51.0,26.0,24.0,21.0,9.0,12.0,81.0,19.0,33.0,15.0,26.0,37.0,47.0,25.0,25.0,37.0,15.0,16.0,12.0,9.0,11.0,8.0,8.0,51.0,18.0,12.0,11.0,10.0,59.0,59.0,59.0,59.0,59.0,59.0,42.0,15.0,22.0,9.0,21.0,8.0,13.0,24.0,13.0,24.0,9.0,9.0,8.0,12.0,11.0,12.0,9.0,29.0,31.0,9.0,10.0,39.0,21.0,37.0,88.0,8.0,40.0,37.0,197.0,9.0,143.0,244.0,18.0,20.0,31.0,44.0,14.0,10.0,16.0,19.0,7.0,9.0,8.0,15.0,23.0,12.0,13.0,18.0,8.0,18.0,25.0
MT_BIL,24.0,24.0,24.0,24.0,90.0,90.0,10.0,16.0,14.0,7.0,12.0,7.0,11.0,11.0,11.0,9.0,16.0,12.0,14.0,8.0,10.0,14.0,8.0,24.0,14.0,14.0,7.0,9.0,7.0,8.0,66.0,15.0,15.0,11.0,10.0,66.0,11.0,11.0,66.0,14.0,7.0,7.0,11.0,63.0,11.0,11.0,11.0,90.0,90.0,7.0,9.0,9.0,12.0,66.0,66.0,66.0,47.0,8.0,47.0,63.0,12.0,63.0,10.0,11.0,24.0,14.0,15.0,10.0,10.0,10.0,10.0,18.0,14.0,63.0,63.0,12.0,17.0,11.0,17.0,19.0,17.0,17.0,17.0,17.0,17.0,17.0,11.0,9.0,7.0,66.0,11.0,10.0,10.0,9.0,8.0,12.0,17.0,17.0,17.0,17.0,17.0,10.0,10.0,10.0,10.0,11.0,47.0,24.0,7.0,24.0,24.0,90.0,8.0,11.0,12.0,7.0,11.0,8.0,8.0,7.0,8.0,7.0,22.0,15.0,15.0,15.0,15.0,15.0,29.0,18.0,10.0,19.0,7.0,9.0,15.0,15.0,8.0
MT_MIS,10.0,10.0,10.0,10.0,43.0,43.0,14.0,14.0,9.0,10.0,16.0,20.0,20.0,13.0,13.0,70.0,17.0,10.0,11.0,9.0,9.0,11.0,10.0,10.0,11.0,11.0,27.0,27.0,27.0,22.0,40.0,9.0,8.0,25.0,40.0,40.0,25.0,25.0,8.0,7.0,40.0,7.0,25.0,27.0,25.0,25.0,25.0,43.0,43.0,9.0,10.0,11.0,10.0,40.0,40.0,40.0,27.0,9.0,27.0,27.0,7.0,27.0,7.0,27.0,10.0,14.0,13.0,9.0,9.0,9.0,9.0,10.0,8.0,9.0,9.0,10.0,12.0,146.0,7.0,30.0,12.0,12.0,12.0,12.0,12.0,12.0,8.0,40.0,7.0,40.0,10.0,10.0,10.0,10.0,8.0,10.0,12.0,12.0,12.0,12.0,12.0,10.0,9.0,9.0,9.0,27.0,9.0,10.0,10.0,10.0,10.0,43.0,43.0,9.0,12.0,43.0,12.0,43.0,43.0,43.0,43.0,43.0,16.0,11.0,11.0,11.0,11.0,11.0,28.0,14.0,7.0,40.0,40.0,40.0,11.0,11.0,16.0
NC_CHA,116.0,45.0,47.0,31.0,11.0,25.0,14.0,20.0,7.0,7.0,58.0,24.0,13.0,12.0,22.0,14.0,9.0,56.0,99.0,223.0,160.0,20.0,245.0,34.0,90.0,59.0,10.0,19.0,21.0,10.0,10.0,50.0,38.0,90.0,26.0,20.0,9.0,15.0,43.0,39.0,44.0,57.0,9.0,9.0,58.0,34.0,36.0,30.0,61.0,63.0,23.0,123.0,11.0,43.0,39.0,20.0,8.0,14.0,11.0,10.0,8.0,15.0,27.0,22.0,58.0,9.0,8.0,422.0,111.0,256.0,109.0,93.0,14.0,8.0,18.0,31.0,42.0,61.0,8.0,18.0,17.0,17.0,18.0,12.0,18.0,21.0,52.0,67.0,81.0,14.0,14.0,17.0,10.0,34.0,13.0,14.0,69.0,24.0,117.0,78.0,49.0,9.0,169.0,134.0,241.0,93.0,13.0,64.0,143.0,27.0,63.0,11.0,23.0,29.0,124.0,17.0,122.0,78.0,19.0,57.0,13.0,30.0,15.0,63.0,145.0,137.0,78.0,44.0,9.0,34.0,12.0,18.0,27.0,27.0,14.0,11.0,8.0
NC_GRE,35.0,16.0,16.0,10.0,11.0,8.0,9.0,12.0,16.0,7.0,10.0,15.0,15.0,18.0,18.0,8.0,59.0,16.0,14.0,76.0,63.0,8.0,77.0,48.0,31.0,17.0,15.0,25.0,18.0,32.0,11.0,40.0,23.0,79.0,22.0,14.0,11.0,19.0,41.0,21.0,19.0,27.0,22.0,11.0,28.0,10.0,11.0,15.0,26.0,13.0,9.0,45.0,11.0,7.0,7.0,15.0,61.0,18.0,11.0,15.0,34.0,8.0,23.0,9.0,9.0,8.0,9.0,128.0,136.0,106.0,65.0,61.0,61.0,98.0,12.0,10.0,14.0,59.0,8.0,12.0,10.0,8.0,9.0,7.0,9.0,11.0,13.0,18.0,39.0,13.0,12.0,14.0,8.0,24.0,8.0,24.0,20.0,10.0,43.0,13.0,18.0,8.0,46.0,82.0,61.0,61.0,9.0,14.0,16.0,19.0,30.0,9.0,8.0,28.0,35.0,9.0,32.0,20.0,14.0,13.0,14.0,8.0,8.0,55.0,24.0,23.0,17.0,33.0,11.0,24.0,11.0,11.0,12.0,9.0,9.0,13.0,32.0
NC_RAL,46.0,31.0,29.0,13.0,10.0,12.0,9.0,9.0,15.0,9.0,11.0,16.0,16.0,8.0,8.0,10.0,44.0,44.0,28.0,209.0,130.0,13.0,141.0,15.0,133.0,22.0,18.0,23.0,25.0,20.0,11.0,48.0,41.0,126.0,49.0,18.0,14.0,11.0,59.0,21.0,25.0,36.0,16.0,10.0,81.0,25.0,9.0,12.0,41.0,16.0,29.0,73.0,9.0,16.0,14.0,16.0,50.0,50.0,7.0,13.0,49.0,8.0,31.0,21.0,17.0,8.0,8.0,239.0,75.0,156.0,181.0,50.0,8.0,99.0,10.0,9.0,19.0,44.0,20.0,7.0,26.0,9.0,12.0,8.0,12.0,10.0,33.0,57.0,49.0,21.0,13.0,8.0,8.0,14.0,14.0,14.0,37.0,12.0,48.0,40.0,39.0,8.0,90.0,72.0,81.0,50.0,7.0,40.0,65.0,12.0,105.0,302.0,10.0,9.0,58.0,9.0,38.0,35.0,21.0,17.0,8.0,12.0,44.0,32.0,32.0,86.0,71.0,46.0,10.0,14.0,7.0,10.0,9.0,10.0,23.0,11.0,20.0
NC_WIL,53.0,27.0,25.0,8.0,23.0,18.0,26.0,8.0,9.0,13.0,23.0,23.0,23.0,8.0,8.0,13.0,26.0,18.0,96.0,63.0,85.0,10.0,114.0,17.0,27.0,22.0,11.0,12.0,11.0,14.0,41.0,49.0,41.0,206.0,14.0,14.0,10.0,48.0,12.0,39.0,15.0,9.0,9.0,9.0,119.0,10.0,9.0,9.0,35.0,9.0,23.0,34.0,8.0,7.0,8.0,9.0,38.0,8.0,18.0,11.0,14.0,12.0,13.0,26.0,8.0,8.0,14.0,210.0,70.0,150.0,83.0,38.0,17.0,72.0,11.0,9.0,13.0,26.0,14.0,14.0,7.0,8.0,15.0,10.0,14.0,15.0,29.0,21.0,22.0,8.0,27.0,12.0,15.0,8.0,8.0,8.0,20.0,27.0,48.0,34.0,73.0,15.0,47.0,54.0,53.0,38.0,38.0,35.0,52.0,41.0,126.0,632.0,7.0,38.0,16.0,9.0,14.0,31.0,8.0,8.0,8.0,9.0,26.0,46.0,20.0,31.0,16.0,27.0,8.0,8.0,340.0,23.0,8.0,23.0,25.0,10.0,14.0
ND_BIS,10.0,18.0,18.0,9.0,136.0,136.0,27.0,27.0,27.0,9.0,10.0,10.0,8.0,21.0,21.0,10.0,27.0,7.0,10.0,8.0,8.0,10.0,18.0,18.0,10.0,10.0,8.0,10.0,8.0,11.0,7.0,10.0,9.0,9.0,112.0,8.0,9.0,9.0,8.0,15.0,10.0,10.0,10.0,9.0,9.0,9.0,9.0,10.0,136.0,7.0,7.0,10.0,7.0,10.0,9.0,10.0,65.0,14.0,13.0,39.0,8.0,39.0,39.0,39.0,18.0,8.0,48.0,10.0,12.0,9.0,10.0,12.0,8.0,8.0,10.0,7.0,23.0,8.0,48.0,48.0,23.0,23.0,23.0,23.0,23.0,23.0,9.0,13.0,8.0,112.0,37.0,12.0,42.0,10.0,8.0,10.0,23.0,23.0,23.0,9.0,23.0,42.0,10.0,10.0,10.0,17.0,8.0,18.0,18.0,18.0,18.0,136.0,22.0,20.0,136.0,17.0,9.0,19.0,7.0,15.0,136.0,136.0,11.0,16.0,16.0,16.0,16.0,16.0,10.0,10.0,31.0,27.0,11.0,9.0,16.0,16.0,10.0
ND_FAR,12.0,9.0,8.0,11.0,87.0,87.0,19.0,11.0,10.0,11.0,11.0,11.0,11.0,11.0,11.0,9.0,19.0,9.0,17.0,17.0,11.0,17.0,13.0,44.0,17.0,8.0,25.0,21.0,24.0,8.0,8.0,16.0,11.0,14.0,26.0,17.0,14.0,14.0,10.0,22.0,25.0,22.0,21.0,12.0,8.0,14.0,14.0,9.0,87.0,9.0,9.0,7.0,9.0,15.0,145.0,10.0,112.0,8.0,7.0,70.0,10.0,10.0,33.0,70.0,44.0,17.0,17.0,11.0,11.0,11.0,11.0,9.0,9.0,8.0,9.0,9.0,12.0,19.0,17.0,17.0,10.0,48.0,48.0,48.0,48.0,48.0,14.0,13.0,13.0,8.0,12.0,87.0,42.0,13.0,13.0,13.0,11.0,48.0,8.0,7.0,48.0,42.0,11.0,11.0,11.0,25.0,15.0,8.0,44.0,44.0,9.0,87.0,12.0,22.0,15.0,87.0,18.0,16.0,11.0,13.0,11.0,87.0,19.0,18.0,18.0,8.0,18.0,18.0,13.0,13.0,8.0,22.0,11.0,13.0,18.0,18.0,17.0
NE_NPL,16.0,13.0,82.0,10.0,219.0,11.0,83.0,14.0,41.0,30.0,18.0,18.0,13.0,25.0,25.0,12.0,9.0,10.0,11.0,9.0,11.0,12.0,20.0,10.0,7.0,8.0,18.0,30.0,58.0,38.0,25.0,54.0,40.0,35.0,41.0,254.0,35.0,9.0,26.0,13.0,13.0,14.0,18.0,30.0,17.0,11.0,35.0,219.0,7.0,10.0,10.0,21.0,10.0,93.0,22.0,29.0,58.0,58.0,21.0,10.0,8.0,23.0,9.0,9.0,17.0,66.0,66.0,16.0,16.0,16.0,8.0,64.0,25.0,358.0,8.0,10.0,44.0,12.0,66.0,16.0,44.0,44.0,44.0,44.0,44.0,17.0,11.0,25.0,38.0,69.0,11.0,11.0,29.0,9.0,14.0,23.0,15.0,44.0,9.0,14.0,18.0,29.0,16.0,16.0,8.0,64.0,16.0,82.0,82.0,8.0,11.0,15.0,18.0,25.0,13.0,12.0,23.0,20.0,16.0,13.0,15.0,13.0,8.0,21.0,21.0,21.0,21.0,21.0,13.0,16.0,12.0,11.0,22.0,27.0,21.0,21.0,25.0
NE_OMA,8.0,8.0,123.0,9.0,12.0,9.0,10.0,10.0,8.0,9.0,9.0,10.0,9.0,15.0,13.0,41.0,8.0,8.0,9.0,9.0,10.0,18.0,17.0,9.0,14.0,12.0,23.0,30.0,33.0,22.0,47.0,78.0,34.0,25.0,24.0,83.0,11.0,13.0,24.0,13.0,17.0,14.0,8.0,39.0,15.0,9.0,9.0,8.0,8.0,9.0,12.0,11.0,9.0,98.0,13.0,25.0,10.0,35.0,31.0,137.0,11.0,14.0,31.0,19.0,11.0,14.0,10.0,9.0,19.0,8.0,9.0,12.0,24.0,20.0,52.0,21.0,14.0,10.0,9.0,8.0,9.0,10.0,8.0,106.0,8.0,8.0,22.0,28.0,23.0,75.0,11.0,40.0,8.0,8.0,8.0,27.0,10.0,106.0,11.0,12.0,8.0,8.0,8.0,15.0,15.0,13.0,30.0,10.0,8.0,38.0,14.0,8.0,9.0,10.0,36.0,14.0,60.0,59.0,22.0,39.0,8.0,14.0,12.0,8.0,8.0,10.0,9.0,9.0,8.0,8.0,11.0,13.0,36.0,19.0,44.0,44.0,11.0
NH_BRI,31.0,31.0,31.0,31.0,49.0,49.0,15.0,21.0,11.0,20.0,8.0,10.0,9.0,20.0,20.0,31.0,31.0,15.0,16.0,14.0,25.0,16.0,12.0,31.0,57.0,57.0,16.0,16.0,16.0,14.0,75.0,10.0,9.0,32.0,7.0,75.0,32.0,32.0,75.0,8.0,10.0,9.0,32.0,7.0,9.0,32.0,32.0,8.0,49.0,16.0,9.0,12.0,14.0,75.0,18.0,75.0,16.0,8.0,7.0,7.0,7.0,7.0,7.0,7.0,31.0,14.0,14.0,20.0,9.0,9.0,7.0,16.0,16.0,7.0,7.0,9.0,19.0,31.0,11.0,14.0,8.0,17.0,11.0,7.0,10.0,24.0,16.0,16.0,15.0,13.0,49.0,49.0,14.0,7.0,7.0,7.0,13.0,319.0,45.0,21.0,7.0,17.0,38.0,8.0,22.0,16.0,16.0,31.0,31.0,31.0,7.0,49.0,49.0,13.0,11.0,49.0,11.0,12.0,49.0,49.0,49.0,49.0,31.0,9.0,9.0,8.0,7.0,10.0,7.0,7.0,75.0,8.0,13.0,12.0,27.0,27.0,14.0
NJ_ELI,19.0,15.0,12.0,13.0,10.0,16.0,9.0,18.0,18.0,11.0,14.0,10.0,14.0,11.0,11.0,8.0,25.0,155.0,28.0,114.0,67.0,32.0,77.0,30.0,58.0,19.0,21.0,28.0,31.0,71.0,36.0,192.0,105.0,17.0,107.0,8.0,10.0,73.0,15.0,12.0,76.0,19.0,99.0,8.0,49.0,26.0,48.0,28.0,8.0,102.0,52.0,214.0,22.0,71.0,13.0,27.0,8.0,10.0,14.0,14.0,11.0,15.0,11.0,22.0,17.0,71.0,71.0,60.0,16.0,36.0,19.0,74.0,11.0,9.0,12.0,20.0,228.0,73.0,59.0,71.0,35.0,64.0,50.0,81.0,46.0,134.0,67.0,61.0,44.0,41.0,344.0,9.0,12.0,25.0,25.0,10.0,110.0,9.0,59.0,129.0,69.0,10.0,41.0,23.0,39.0,74.0,74.0,8.0,17.0,25.0,50.0,344.0,12.0,13.0,50.0,344.0,46.0,100.0,14.0,10.0,12.0,344.0,30.0,105.0,31.0,61.0,53.0,13.0,9.0,25.0,7.0,15.0,28.0,24.0,21.0,17.0,29.0
NM_ALB,62.0,62.0,11.0,11.0,52.0,18.0,17.0,117.0,48.0,9.0,14.0,22.0,18.0,10.0,9.0,65.0,53.0,9.0,20.0,9.0,10.0,20.0,7.0,94.0,20.0,20.0,39.0,39.0,39.0,19.0,8.0,8.0,48.0,21.0,48.0,48.0,8.0,21.0,11.0,7.0,15.0,12.0,21.0,45.0,21.0,21.0,21.0,17.0,9.0,8.0,8.0,18.0,9.0,9.0,48.0,48.0,39.0,39.0,39.0,45.0,16.0,45.0,25.0,45.0,94.0,19.0,19.0,11.0,11.0,11.0,11.0,26.0,39.0,45.0,15.0,9.0,27.0,10.0,19.0,11.0,27.0,27.0,27.0,27.0,27.0,27.0,21.0,8.0,14.0,10.0,36.0,57.0,21.0,8.0,8.0,8.0,27.0,27.0,9.0,27.0,8.0,21.0,11.0,8.0,8.0,39.0,39.0,94.0,94.0,94.0,94.0,112.0,14.0,18.0,36.0,91.0,76.0,49.0,18.0,245.0,18.0,29.0,12.0,18.0,8.0,8.0,18.0,18.0,8.0,8.0,48.0,48.0,48.0,48.0,18.0,18.0,13.0
NV_REN,19.0,19.0,19.0,19.0,91.0,91.0,11.0,82.0,37.0,40.0,80.0,86.0,34.0,51.0,119.0,41.0,11.0,8.0,18.0,9.0,9.0,18.0,19.0,19.0,18.0,18.0,10.0,10.0,10.0,24.0,57.0,57.0,57.0,13.0,57.0,57.0,13.0,13.0,18.0,57.0,14.0,14.0,13.0,20.0,13.0,13.0,13.0,7.0,91.0,7.0,14.0,12.0,8.0,57.0,57.0,57.0,10.0,10.0,10.0,20.0,12.0,20.0,20.0,20.0,19.0,13.0,11.0,9.0,17.0,8.0,8.0,10.0,10.0,20.0,20.0,12.0,19.0,11.0,22.0,36.0,19.0,19.0,19.0,19.0,19.0,19.0,13.0,16.0,20.0,16.0,16.0,91.0,8.0,16.0,12.0,12.0,8.0,19.0,19.0,19.0,19.0,8.0,17.0,17.0,17.0,10.0,10.0,19.0,19.0,19.0,19.0,7.0,9.0,14.0,7.0,14.0,7.0,9.0,91.0,19.0,91.0,91.0,34.0,12.0,12.0,12.0,12.0,12.0,56.0,25.0,57.0,57.0,57.0,57.0,12.0,12.0,11.0
NV_VEG,18.0,18.0,18.0,18.0,297.0,297.0,17.0,193.0,53.0,56.0,127.0,77.0,79.0,31.0,63.0,36.0,84.0,15.0,38.0,34.0,10.0,38.0,8.0,18.0,38.0,38.0,9.0,9.0,9.0,49.0,38.0,38.0,38.0,26.0,38.0,38.0,26.0,26.0,38.0,38.0,38.0,38.0,26.0,33.0,26.0,26.0,26.0,297.0,13.0,14.0,15.0,14.0,15.0,38.0,38.0,38.0,9.0,9.0,9.0,33.0,9.0,33.0,8.0,33.0,18.0,7.0,54.0,12.0,12.0,12.0,12.0,9.0,9.0,16.0,9.0,15.0,8.0,8.0,25.0,40.0,8.0,8.0,8.0,8.0,8.0,8.0,26.0,18.0,32.0,38.0,297.0,297.0,21.0,14.0,24.0,8.0,8.0,8.0,8.0,8.0,8.0,21.0,12.0,12.0,10.0,16.0,9.0,18.0,18.0,18.0,18.0,297.0,22.0,17.0,46.0,24.0,47.0,16.0,20.0,13.0,25.0,9.0,246.0,14.0,9.0,9.0,14.0,10.0,16.0,76.0,38.0,38.0,38.0,38.0,14.0,14.0,51.0
NY_ALB,11.0,17.0,10.0,22.0,76.0,76.0,16.0,16.0,9.0,11.0,11.0,11.0,10.0,10.0,10.0,16.0,16.0,60.0,9.0,13.0,12.0,9.0,10.0,13.0,13.0,8.0,28.0,28.0,28.0,12.0,25.0,25.0,12.0,85.0,17.0,209.0,85.0,25.0,36.0,17.0,9.0,36.0,13.0,8.0,31.0,13.0,9.0,8.0,76.0,19.0,9.0,12.0,16.0,32.0,9.0,209.0,28.0,21.0,28.0,15.0,9.0,37.0,9.0,11.0,14.0,12.0,12.0,33.0,7.0,7.0,9.0,28.0,28.0,37.0,37.0,67.0,34.0,16.0,12.0,12.0,48.0,26.0,22.0,14.0,17.0,9.0,8.0,10.0,10.0,31.0,8.0,76.0,8.0,15.0,15.0,15.0,12.0,10.0,18.0,13.0,21.0,31.0,9.0,26.0,37.0,28.0,28.0,8.0,8.0,20.0,26.0,76.0,10.0,20.0,8.0,76.0,13.0,16.0,8.0,76.0,10.0,76.0,16.0,10.0,8.0,10.0,11.0,10.0,15.0,15.0,12.0,209.0,9.0,13.0,12.0,12.0,12.0
NY_BRN,17.0,17.0,17.0,17.0,31.0,31.0,20.0,8.0,8.0,7.0,7.0,7.0,7.0,7.0,7.0,8.0,20.0,13.0,36.0,17.0,22.0,36.0,17.0,17.0,36.0,36.0,13.0,13.0,13.0,9.0,66.0,9.0,66.0,10.0,9.0,66.0,10.0,10.0,66.0,9.0,9.0,10.0,10.0,13.0,10.0,10.0,10.0,31.0,31.0,16.0,13.0,12.0,11.0,17.0,66.0,66.0,13.0,8.0,13.0,13.0,8.0,13.0,9.0,7.0,17.0,9.0,9.0,8.0,8.0,7.0,25.0,13.0,13.0,13.0,13.0,11.0,13.0,20.0,9.0,9.0,10.0,20.0,12.0,81.0,11.0,9.0,10.0,16.0,23.0,12.0,31.0,31.0,12.0,11.0,11.0,11.0,54.0,17.0,54.0,50.0,22.0,12.0,25.0,9.0,11.0,13.0,13.0,17.0,17.0,17.0,17.0,31.0,31.0,18.0,31.0,31.0,31.0,10.0,31.0,31.0,31.0,31.0,20.0,10.0,10.0,10.0,72.0,72.0,11.0,11.0,66.0,66.0,66.0,66.0,72.0,101.0,9.0
NY_BUF,8.0,18.0,90.0,16.0,127.0,127.0,17.0,17.0,17.0,10.0,13.0,13.0,13.0,9.0,9.0,17.0,17.0,37.0,12.0,9.0,7.0,9.0,14.0,12.0,8.0,13.0,8.0,13.0,37.0,13.0,9.0,12.0,12.0,54.0,13.0,8.0,10.0,20.0,9.0,12.0,12.0,11.0,12.0,12.0,33.0,8.0,41.0,7.0,127.0,32.0,12.0,21.0,12.0,29.0,7.0,12.0,37.0,17.0,10.0,14.0,8.0,37.0,37.0,8.0,12.0,13.0,13.0,12.0,9.0,11.0,9.0,37.0,37.0,37.0,8.0,19.0,29.0,17.0,13.0,13.0,23.0,14.0,24.0,10.0,15.0,10.0,18.0,39.0,11.0,31.0,8.0,10.0,34.0,15.0,11.0,15.0,50.0,15.0,21.0,51.0,57.0,10.0,7.0,13.0,9.0,37.0,37.0,9.0,9.0,12.0,23.0,127.0,32.0,21.0,13.0,127.0,12.0,21.0,20.0,127.0,14.0,127.0,8.0,8.0,7.0,12.0,10.0,11.0,10.0,15.0,14.0,10.0,13.0,10.0,8.0,9.0,9.0
NY_ELM,22.0,14.0,7.0,21.0,82.0,82.0,14.0,14.0,14.0,24.0,16.0,15.0,15.0,24.0,24.0,8.0,14.0,99.0,33.0,20.0,20.0,33.0,10.0,16.0,8.0,8.0,30.0,9.0,30.0,13.0,9.0,21.0,10.0,54.0,17.0,157.0,9.0,13.0,15.0,8.0,15.0,12.0,13.0,8.0,7.0,12.0,11.0,7.0,82.0,25.0,8.0,24.0,7.0,8.0,8.0,157.0,30.0,20.0,30.0,25.0,13.0,25.0,25.0,8.0,12.0,13.0,13.0,50.0,12.0,10.0,115.0,30.0,30.0,25.0,8.0,8.0,32.0,14.0,13.0,13.0,15.0,11.0,23.0,29.0,13.0,8.0,20.0,30.0,9.0,11.0,9.0,82.0,9.0,84.0,84.0,84.0,24.0,9.0,13.0,66.0,20.0,16.0,115.0,61.0,66.0,30.0,30.0,89.0,89.0,10.0,7.0,82.0,7.0,8.0,11.0,82.0,8.0,21.0,7.0,82.0,7.0,82.0,14.0,16.0,11.0,11.0,11.0,16.0,84.0,84.0,16.0,10.0,18.0,14.0,7.0,91.0,13.0
NY_ROC,21.0,17.0,88.0,15.0,126.0,126.0,17.0,17.0,17.0,10.0,13.0,13.0,13.0,9.0,9.0,17.0,17.0,37.0,12.0,16.0,16.0,9.0,31.0,25.0,8.0,13.0,8.0,11.0,37.0,12.0,8.0,16.0,12.0,47.0,12.0,8.0,10.0,12.0,9.0,14.0,8.0,11.0,12.0,12.0,24.0,9.0,8.0,7.0,126.0,29.0,12.0,20.0,21.0,28.0,8.0,11.0,37.0,17.0,10.0,31.0,14.0,31.0,31.0,8.0,12.0,12.0,12.0,11.0,9.0,9.0,8.0,37.0,37.0,31.0,8.0,19.0,27.0,17.0,12.0,12.0,18.0,14.0,20.0,10.0,23.0,11.0,9.0,15.0,10.0,30.0,8.0,10.0,36.0,15.0,11.0,15.0,50.0,20.0,20.0,49.0,36.0,10.0,7.0,13.0,9.0,37.0,37.0,9.0,9.0,11.0,23.0,126.0,20.0,21.0,13.0,126.0,12.0,21.0,20.0,126.0,21.0,126.0,8.0,11.0,7.0,12.0,10.0,11.0,10.0,15.0,14.0,10.0,13.0,10.0,8.0,9.0,9.0
NY_SYR,16.0,15.0,10.0,15.0,75.0,75.0,12.0,12.0,12.0,9.0,13.0,12.0,12.0,31.0,31.0,12.0,12.0,27.0,29.0,8.0,9.0,29.0,10.0,7.0,11.0,29.0,28.0,28.0,28.0,12.0,20.0,35.0,16.0,73.0,30.0,179.0,73.0,12.0,13.0,17.0,13.0,25.0,15.0,8.0,21.0,9.0,9.0,11.0,75.0,20.0,16.0,33.0,8.0,10.0,9.0,179.0,28.0,19.0,28.0,7.0,15.0,33.0,8.0,15.0,10.0,12.0,12.0,20.0,10.0,8.0,56.0,28.0,28.0,33.0,33.0,7.0,79.0,12.0,12.0,8.0,17.0,20.0,17.0,11.0,8.0,60.0,18.0,58.0,12.0,15.0,8.0,75.0,10.0,18.0,18.0,18.0,32.0,11.0,36.0,38.0,44.0,12.0,56.0,11.0,15.0,28.0,28.0,9.0,8.0,7.0,11.0,75.0,11.0,13.0,7.0,75.0,8.0,12.0,14.0,75.0,14.0,75.0,12.0,12.0,14.0,8.0,15.0,9.0,18.0,18.0,12.0,9.0,10.0,24.0,21.0,21.0,12.0
OH_CIN,89.0,88.0,8.0,13.0,13.0,37.0,9.0,13.0,18.0,11.0,28.0,15.0,8.0,10.0,8.0,30.0,10.0,31.0,9.0,99.0,24.0,19.0,147.0,50.0,18.0,18.0,15.0,11.0,18.0,9.0,36.0,300.0,223.0,17.0,49.0,38.0,38.0,152.0,60.0,85.0,215.0,149.0,43.0,14.0,172.0,93.0,198.0,21.0,13.0,50.0,17.0,41.0,16.0,119.0,79.0,16.0,12.0,74.0,21.0,20.0,36.0,21.0,66.0,85.0,12.0,7.0,10.0,69.0,45.0,49.0,8.0,10.0,10.0,11.0,32.0,12.0,74.0,107.0,12.0,11.0,13.0,17.0,20.0,10.0,20.0,26.0,245.0,190.0,220.0,161.0,17.0,34.0,16.0,20.0,9.0,8.0,24.0,7.0,55.0,32.0,63.0,98.0,18.0,32.0,33.0,7.0,15.0,29.0,36.0,93.0,137.0,11.0,40.0,14.0,76.0,8.0,68.0,115.0,38.0,15.0,8.0,10.0,22.0,12.0,56.0,20.0,34.0,13.0,8.0,9.0,12.0,22.0,56.0,100.0,42.0,54.0,19.0
OH_CLE,123.0,26.0,112.0,10.0,16.0,13.0,7.0,18.0,25.0,16.0,26.0,25.0,13.0,11.0,25.0,64.0,11.0,59.0,34.0,90.0,33.0,41.0,109.0,13.0,24.0,22.0,10.0,21.0,14.0,39.0,59.0,249.0,168.0,15.0,42.0,44.0,20.0,48.0,135.0,177.0,220.0,220.0,80.0,21.0,69.0,120.0,71.0,23.0,13.0,78.0,34.0,126.0,16.0,417.0,186.0,47.0,15.0,39.0,42.0,52.0,34.0,16.0,50.0,73.0,27.0,9.0,39.0,94.0,62.0,80.0,26.0,12.0,13.0,16.0,25.0,22.0,76.0,13.0,8.0,13.0,33.0,49.0,27.0,34.0,27.0,30.0,181.0,513.0,424.0,202.0,37.0,40.0,76.0,72.0,72.0,16.0,136.0,30.0,204.0,125.0,291.0,9.0,17.0,48.0,49.0,12.0,20.0,25.0,63.0,61.0,59.0,13.0,27.0,30.0,115.0,35.0,95.0,82.0,24.0,29.0,32.0,11.0,25.0,79.0,30.0,56.0,119.0,33.0,19.0,21.0,35.0,55.0,58.0,67.0,56.0,26.0,9.0
OH_COL,95.0,35.0,45.0,20.0,24.0,39.0,8.0,31.0,14.0,18.0,31.0,20.0,38.0,9.0,16.0,16.0,29.0,34.0,25.0,97.0,20.0,15.0,99.0,16.0,24.0,20.0,9.0,21.0,16.0,11.0,12.0,141.0,109.0,47.0,35.0,32.0,10.0,56.0,69.0,82.0,111.0,137.0,15.0,19.0,167.0,43.0,76.0,11.0,21.0,37.0,12.0,53.0,19.0,108.0,47.0,24.0,12.0,20.0,16.0,23.0,24.0,25.0,32.0,44.0,17.0,18.0,14.0,90.0,55.0,40.0,16.0,14.0,16.0,39.0,29.0,15.0,45.0,23.0,18.0,8.0,8.0,8.0,7.0,10.0,7.0,11.0,163.0,92.0,375.0,106.0,23.0,17.0,23.0,8.0,9.0,28.0,75.0,51.0,35.0,56.0,57.0,8.0,18.0,37.0,48.0,18.0,38.0,27.0,16.0,53.0,133.0,24.0,32.0,14.0,56.0,11.0,55.0,77.0,25.0,22.0,10.0,19.0,21.0,18.0,15.0,24.0,33.0,41.0,9.0,13.0,11.0,11.0,40.0,35.0,64.0,67.0,21.0
OH_TOL,20.0,13.0,96.0,25.0,12.0,12.0,8.0,50.0,52.0,17.0,10.0,13.0,11.0,20.0,17.0,7.0,9.0,18.0,19.0,31.0,14.0,24.0,80.0,11.0,19.0,12.0,61.0,19.0,69.0,8.0,13.0,77.0,66.0,16.0,28.0,74.0,8.0,96.0,43.0,80.0,82.0,97.0,18.0,16.0,101.0,62.0,50.0,98.0,9.0,28.0,9.0,54.0,10.0,52.0,40.0,28.0,10.0,42.0,9.0,61.0,29.0,15.0,19.0,37.0,10.0,42.0,42.0,29.0,20.0,23.0,8.0,11.0,16.0,18.0,18.0,7.0,31.0,7.0,22.0,11.0,9.0,26.0,10.0,18.0,10.0,15.0,136.0,198.0,147.0,93.0,8.0,19.0,17.0,12.0,12.0,12.0,39.0,103.0,47.0,53.0,63.0,7.0,20.0,11.0,20.0,12.0,10.0,9.0,25.0,26.0,77.0,434.0,27.0,12.0,67.0,11.0,55.0,30.0,22.0,8.0,50.0,13.0,14.0,15.0,14.0,14.0,31.0,26.0,12.0,12.0,16.0,33.0,28.0,76.0,13.0,8.0,8.0
OK_OKC,28.0,22.0,19.0,19.0,43.0,33.0,16.0,14.0,7.0,11.0,21.0,15.0,9.0,15.0,13.0,161.0,19.0,10.0,24.0,43.0,29.0,31.0,35.0,23.0,26.0,13.0,21.0,9.0,7.0,14.0,48.0,26.0,20.0,37.0,27.0,13.0,34.0,9.0,34.0,38.0,30.0,37.0,14.0,36.0,25.0,21.0,28.0,42.0,53.0,12.0,12.0,15.0,10.0,15.0,14.0,13.0,248.0,19.0,15.0,10.0,23.0,58.0,98.0,16.0,10.0,12.0,11.0,34.0,22.0,13.0,9.0,12.0,63.0,17.0,43.0,8.0,8.0,17.0,36.0,7.0,8.0,7.0,8.0,7.0,8.0,9.0,13.0,15.0,10.0,10.0,249.0,115.0,34.0,9.0,16.0,8.0,17.0,8.0,12.0,8.0,27.0,42.0,19.0,8.0,8.0,21.0,19.0,27.0,13.0,31.0,29.0,41.0,262.0,270.0,297.0,21.0,235.0,386.0,42.0,174.0,38.0,41.0,108.0,12.0,19.0,7.0,8.0,19.0,21.0,10.0,11.0,8.0,32.0,21.0,10.0,93.0,42.0
OK_TUL,28.0,14.0,9.0,18.0,142.0,52.0,8.0,31.0,17.0,37.0,11.0,12.0,8.0,22.0,21.0,53.0,11.0,9.0,49.0,79.0,74.0,45.0,18.0,17.0,28.0,49.0,20.0,8.0,24.0,91.0,40.0,60.0,55.0,8.0,8.0,18.0,39.0,19.0,54.0,15.0,28.0,27.0,11.0,143.0,32.0,15.0,19.0,49.0,97.0,13.0,10.0,13.0,13.0,28.0,9.0,12.0,7.0,15.0,8.0,21.0,24.0,116.0,65.0,27.0,7.0,91.0,91.0,71.0,58.0,14.0,13.0,37.0,11.0,9.0,15.0,13.0,8.0,12.0,20.0,52.0,15.0,116.0,116.0,116.0,116.0,116.0,9.0,16.0,50.0,26.0,165.0,471.0,14.0,43.0,14.0,7.0,17.0,20.0,19.0,16.0,19.0,12.0,18.0,31.0,16.0,105.0,13.0,25.0,14.0,46.0,29.0,41.0,21.0,37.0,153.0,142.0,125.0,283.0,23.0,135.0,21.0,52.0,44.0,7.0,8.0,7.0,68.0,17.0,9.0,19.0,9.0,14.0,8.0,17.0,9.0,68.0,13.0
ON_TOR,8.0,65.0,65.0,65.0,131.0,9.0,22.0,22.0,22.0,31.0,10.0,15.0,13.0,31.0,31.0,22.0,22.0,11.0,33.0,13.0,8.0,33.0,11.0,65.0,8.0,33.0,23.0,11.0,23.0,12.0,11.0,8.0,8.0,32.0,8.0,9.0,18.0,32.0,10.0,10.0,8.0,11.0,32.0,22.0,12.0,10.0,11.0,12.0,131.0,8.0,15.0,14.0,16.0,25.0,15.0,124.0,23.0,11.0,23.0,22.0,14.0,22.0,9.0,11.0,9.0,14.0,14.0,14.0,24.0,24.0,8.0,23.0,23.0,22.0,22.0,16.0,12.0,22.0,14.0,14.0,98.0,98.0,7.0,98.0,8.0,16.0,9.0,26.0,16.0,29.0,8.0,8.0,,18.0,18.0,10.0,9.0,9.0,14.0,17.0,13.0,,24.0,8.0,15.0,23.0,23.0,65.0,65.0,24.0,12.0,131.0,8.0,24.0,29.0,131.0,10.0,24.0,8.0,131.0,8.0,131.0,12.0,14.0,10.0,10.0,22.0,10.0,9.0,18.0,11.0,61.0,9.0,61.0,8.0,8.0,12.0
OR_MED,26.0,26.0,26.0,26.0,139.0,14.0,24.0,19.0,9.0,32.0,31.0,35.0,33.0,31.0,69.0,34.0,10.0,9.0,8.0,10.0,10.0,8.0,10.0,10.0,21.0,10.0,40.0,40.0,40.0,14.0,56.0,14.0,11.0,10.0,15.0,56.0,10.0,10.0,8.0,7.0,12.0,11.0,10.0,24.0,10.0,10.0,10.0,9.0,139.0,11.0,8.0,10.0,19.0,56.0,13.0,56.0,40.0,14.0,7.0,24.0,15.0,24.0,15.0,24.0,26.0,14.0,13.0,8.0,14.0,14.0,14.0,40.0,40.0,24.0,24.0,19.0,22.0,8.0,24.0,15.0,22.0,8.0,22.0,22.0,22.0,22.0,10.0,56.0,9.0,56.0,9.0,139.0,12.0,9.0,22.0,21.0,22.0,22.0,22.0,22.0,22.0,12.0,14.0,14.0,13.0,8.0,8.0,26.0,26.0,26.0,26.0,9.0,8.0,10.0,9.0,10.0,13.0,22.0,13.0,7.0,12.0,139.0,22.0,10.0,11.0,11.0,11.0,11.0,52.0,10.0,56.0,56.0,12.0,8.0,11.0,11.0,19.0
OR_PEN,23.0,23.0,23.0,23.0,68.0,68.0,37.0,56.0,55.0,15.0,37.0,37.0,36.0,9.0,8.0,25.0,18.0,66.0,32.0,20.0,27.0,32.0,17.0,10.0,32.0,32.0,17.0,7.0,17.0,12.0,38.0,11.0,11.0,19.0,38.0,38.0,19.0,19.0,38.0,10.0,38.0,38.0,19.0,20.0,19.0,19.0,19.0,68.0,68.0,11.0,9.0,8.0,11.0,38.0,38.0,38.0,17.0,17.0,17.0,28.0,28.0,28.0,28.0,28.0,23.0,23.0,30.0,62.0,8.0,71.0,71.0,17.0,17.0,28.0,28.0,11.0,10.0,9.0,9.0,19.0,110.0,110.0,110.0,110.0,110.0,110.0,9.0,38.0,13.0,38.0,13.0,68.0,11.0,20.0,9.0,21.0,110.0,7.0,10.0,15.0,8.0,11.0,71.0,71.0,55.0,17.0,17.0,23.0,23.0,23.0,23.0,68.0,68.0,13.0,8.0,7.0,8.0,10.0,68.0,8.0,68.0,68.0,29.0,10.0,10.0,10.0,10.0,8.0,12.0,14.0,38.0,38.0,7.0,38.0,10.0,10.0,8.0
OR_POR,8.0,7.0,28.0,28.0,178.0,19.0,34.0,42.0,16.0,38.0,44.0,90.0,68.0,38.0,91.0,40.0,36.0,14.0,51.0,13.0,24.0,51.0,12.0,28.0,10.0,51.0,36.0,9.0,36.0,16.0,58.0,12.0,10.0,19.0,13.0,58.0,19.0,19.0,58.0,8.0,15.0,10.0,19.0,8.0,19.0,19.0,19.0,178.0,21.0,20.0,11.0,11.0,8.0,58.0,7.0,58.0,36.0,7.0,12.0,39.0,9.0,39.0,7.0,39.0,28.0,11.0,23.0,21.0,21.0,21.0,21.0,36.0,36.0,39.0,9.0,20.0,11.0,8.0,22.0,8.0,38.0,10.0,38.0,38.0,38.0,38.0,19.0,15.0,10.0,9.0,16.0,178.0,10.0,30.0,73.0,120.0,38.0,38.0,38.0,7.0,8.0,10.0,9.0,9.0,10.0,11.0,36.0,9.0,28.0,17.0,28.0,7.0,9.0,47.0,12.0,8.0,17.0,42.0,9.0,7.0,8.0,8.0,90.0,10.0,18.0,18.0,18.0,10.0,228.0,91.0,8.0,58.0,13.0,11.0,18.0,18.0,32.0
PA_ALL,29.0,22.0,13.0,23.0,11.0,10.0,9.0,24.0,32.0,11.0,37.0,38.0,12.0,13.0,9.0,13.0,28.0,81.0,26.0,102.0,72.0,30.0,58.0,11.0,32.0,27.0,8.0,14.0,17.0,73.0,7.0,112.0,99.0,91.0,25.0,43.0,12.0,11.0,8.0,20.0,36.0,22.0,12.0,57.0,31.0,14.0,29.0,10.0,8.0,133.0,18.0,75.0,46.0,31.0,32.0,21.0,12.0,23.0,11.0,57.0,15.0,9.0,20.0,22.0,10.0,73.0,73.0,132.0,18.0,135.0,32.0,51.0,51.0,57.0,57.0,19.0,164.0,91.0,59.0,73.0,18.0,215.0,41.0,10.0,39.0,17.0,23.0,77.0,58.0,48.0,13.0,11.0,16.0,8.0,32.0,10.0,177.0,17.0,73.0,104.0,109.0,26.0,12.0,36.0,59.0,51.0,51.0,25.0,14.0,8.0,29.0,233.0,15.0,14.0,68.0,233.0,52.0,42.0,13.0,8.0,8.0,10.0,35.0,81.0,56.0,81.0,28.0,20.0,16.0,32.0,8.0,11.0,29.0,10.0,10.0,8.0,27.0
PA_ERI,43.0,8.0,20.0,32.0,40.0,11.0,12.0,13.0,9.0,14.0,21.0,21.0,21.0,12.0,12.0,56.0,84.0,13.0,22.0,38.0,39.0,22.0,12.0,13.0,15.0,9.0,8.0,44.0,23.0,12.0,24.0,11.0,73.0,41.0,14.0,41.0,25.0,41.0,26.0,11.0,26.0,22.0,28.0,10.0,13.0,52.0,18.0,14.0,9.0,18.0,10.0,17.0,10.0,13.0,8.0,7.0,98.0,20.0,42.0,23.0,21.0,19.0,70.0,9.0,15.0,12.0,12.0,10.0,10.0,11.0,23.0,98.0,31.0,16.0,9.0,8.0,20.0,7.0,12.0,9.0,35.0,16.0,137.0,10.0,13.0,18.0,17.0,10.0,27.0,77.0,10.0,43.0,30.0,24.0,24.0,24.0,18.0,79.0,17.0,10.0,22.0,31.0,17.0,13.0,14.0,10.0,12.0,12.0,7.0,30.0,21.0,275.0,29.0,16.0,11.0,11.0,41.0,12.0,23.0,9.0,19.0,9.0,13.0,15.0,10.0,45.0,61.0,13.0,8.0,24.0,25.0,38.0,9.0,13.0,36.0,35.0,10.0
PA_HAR,56.0,26.0,45.0,13.0,10.0,13.0,22.0,34.0,12.0,16.0,19.0,37.0,30.0,13.0,10.0,22.0,16.0,133.0,46.0,100.0,79.0,8.0,108.0,11.0,27.0,20.0,25.0,13.0,21.0,10.0,49.0,50.0,43.0,153.0,24.0,57.0,9.0,14.0,38.0,62.0,48.0,76.0,12.0,19.0,38.0,56.0,33.0,14.0,15.0,101.0,64.0,102.0,20.0,74.0,23.0,10.0,10.0,23.0,10.0,8.0,31.0,12.0,15.0,19.0,21.0,7.0,74.0,109.0,16.0,84.0,32.0,10.0,9.0,7.0,20.0,30.0,175.0,120.0,11.0,51.0,38.0,90.0,27.0,24.0,27.0,29.0,92.0,112.0,78.0,46.0,24.0,11.0,29.0,10.0,8.0,10.0,89.0,26.0,167.0,192.0,83.0,8.0,14.0,24.0,45.0,120.0,28.0,11.0,17.0,24.0,34.0,441.0,25.0,33.0,59.0,10.0,59.0,97.0,8.0,13.0,30.0,23.0,9.0,178.0,42.0,58.0,33.0,27.0,9.0,40.0,14.0,14.0,24.0,41.0,41.0,17.0,9.0
PA_PHI,28.0,18.0,8.0,16.0,368.0,23.0,16.0,21.0,21.0,14.0,15.0,23.0,15.0,8.0,8.0,10.0,10.0,92.0,11.0,49.0,24.0,15.0,55.0,18.0,15.0,9.0,18.0,22.0,8.0,11.0,26.0,85.0,64.0,161.0,18.0,23.0,13.0,15.0,13.0,29.0,56.0,33.0,20.0,9.0,19.0,13.0,20.0,24.0,14.0,103.0,43.0,123.0,25.0,128.0,14.0,38.0,10.0,12.0,8.0,10.0,16.0,17.0,8.0,10.0,7.0,11.0,11.0,99.0,29.0,95.0,66.0,8.0,100.0,9.0,14.0,17.0,98.0,84.0,8.0,11.0,29.0,26.0,64.0,19.0,41.0,17.0,33.0,75.0,40.0,31.0,8.0,12.0,39.0,21.0,21.0,11.0,113.0,25.0,108.0,313.0,152.0,9.0,12.0,22.0,32.0,100.0,19.0,10.0,61.0,7.0,12.0,368.0,15.0,43.0,35.0,8.0,19.0,35.0,15.0,19.0,14.0,20.0,20.0,73.0,58.0,41.0,73.0,23.0,10.0,21.0,21.0,12.0,19.0,14.0,26.0,29.0,19.0
PA_PIT,52.0,25.0,33.0,8.0,10.0,10.0,14.0,24.0,8.0,11.0,19.0,12.0,25.0,15.0,12.0,21.0,9.0,83.0,17.0,32.0,23.0,52.0,47.0,8.0,63.0,62.0,18.0,34.0,32.0,7.0,19.0,131.0,77.0,9.0,66.0,55.0,12.0,23.0,59.0,122.0,116.0,148.0,48.0,12.0,26.0,48.0,62.0,22.0,24.0,72.0,39.0,146.0,13.0,82.0,52.0,42.0,10.0,21.0,16.0,15.0,40.0,22.0,30.0,50.0,27.0,32.0,32.0,72.0,59.0,48.0,92.0,8.0,34.0,10.0,11.0,16.0,95.0,12.0,10.0,15.0,19.0,57.0,58.0,27.0,38.0,20.0,96.0,180.0,75.0,43.0,28.0,16.0,21.0,8.0,53.0,9.0,112.0,31.0,85.0,129.0,226.0,11.0,97.0,102.0,38.0,17.0,11.0,9.0,36.0,144.0,29.0,8.0,14.0,15.0,41.0,17.0,33.0,116.0,24.0,30.0,22.0,19.0,18.0,54.0,42.0,30.0,82.0,33.0,19.0,53.0,14.0,10.0,71.0,23.0,97.0,41.0,8.0
QC_MON,12.0,12.0,12.0,12.0,18.0,18.0,10.0,10.0,10.0,38.0,38.0,38.0,38.0,38.0,38.0,10.0,10.0,14.0,12.0,12.0,12.0,12.0,8.0,12.0,12.0,12.0,8.0,8.0,8.0,8.0,17.0,17.0,17.0,172.0,17.0,17.0,172.0,172.0,17.0,17.0,17.0,17.0,172.0,20.0,172.0,172.0,172.0,18.0,18.0,18.0,13.0,17.0,11.0,17.0,17.0,17.0,8.0,8.0,8.0,20.0,20.0,20.0,20.0,20.0,12.0,8.0,8.0,14.0,14.0,14.0,14.0,8.0,8.0,20.0,20.0,8.0,99.0,10.0,8.0,8.0,22.0,99.0,99.0,99.0,99.0,99.0,8.0,17.0,12.0,17.0,18.0,18.0,,10.0,10.0,10.0,99.0,99.0,88.0,99.0,102.0,,14.0,14.0,14.0,8.0,8.0,12.0,8.0,12.0,12.0,18.0,18.0,18.0,18.0,18.0,18.0,18.0,18.0,18.0,18.0,18.0,10.0,8.0,19.0,19.0,19.0,28.0,10.0,10.0,17.0,17.0,17.0,17.0,19.0,19.0,14.0
SC_CHA,151.0,47.0,23.0,31.0,10.0,18.0,24.0,8.0,9.0,12.0,11.0,11.0,8.0,9.0,9.0,8.0,24.0,23.0,64.0,151.0,54.0,11.0,208.0,10.0,100.0,26.0,8.0,9.0,8.0,16.0,21.0,29.0,25.0,217.0,15.0,8.0,8.0,9.0,12.0,13.0,25.0,18.0,9.0,9.0,149.0,28.0,20.0,62.0,14.0,12.0,10.0,27.0,9.0,14.0,16.0,7.0,58.0,8.0,14.0,9.0,9.0,15.0,11.0,11.0,30.0,7.0,16.0,268.0,110.0,98.0,196.0,58.0,14.0,85.0,9.0,8.0,25.0,24.0,16.0,16.0,35.0,12.0,13.0,10.0,12.0,42.0,43.0,38.0,33.0,23.0,21.0,17.0,16.0,13.0,13.0,13.0,62.0,36.0,59.0,40.0,80.0,16.0,80.0,294.0,165.0,58.0,58.0,42.0,162.0,62.0,180.0,731.0,26.0,17.0,174.0,7.0,156.0,145.0,34.0,11.0,34.0,8.0,24.0,21.0,29.0,41.0,41.0,31.0,8.0,13.0,10.0,9.0,21.0,13.0,46.0,15.0,16.0
SC_COL,85.0,30.0,19.0,21.0,25.0,9.0,10.0,18.0,18.0,16.0,14.0,14.0,13.0,8.0,8.0,11.0,8.0,35.0,149.0,151.0,61.0,45.0,233.0,18.0,197.0,54.0,13.0,28.0,18.0,16.0,46.0,70.0,52.0,253.0,23.0,22.0,27.0,11.0,23.0,10.0,27.0,29.0,8.0,14.0,102.0,28.0,24.0,16.0,17.0,23.0,14.0,65.0,10.0,25.0,24.0,20.0,8.0,27.0,10.0,17.0,25.0,12.0,15.0,12.0,29.0,15.0,15.0,347.0,94.0,141.0,72.0,9.0,20.0,7.0,12.0,10.0,9.0,57.0,55.0,11.0,14.0,9.0,13.0,18.0,13.0,18.0,55.0,51.0,31.0,24.0,13.0,21.0,18.0,10.0,13.0,9.0,42.0,30.0,79.0,42.0,74.0,35.0,100.0,62.0,249.0,93.0,11.0,43.0,82.0,50.0,142.0,14.0,9.0,14.0,77.0,36.0,71.0,54.0,23.0,83.0,14.0,8.0,15.0,48.0,71.0,86.0,47.0,38.0,15.0,8.0,16.0,8.0,23.0,13.0,33.0,18.0,11.0
SC_GRE,81.0,40.0,41.0,11.0,10.0,8.0,18.0,9.0,29.0,12.0,12.0,15.0,15.0,11.0,11.0,24.0,12.0,32.0,83.0,112.0,117.0,17.0,304.0,20.0,24.0,16.0,12.0,8.0,10.0,16.0,15.0,53.0,33.0,10.0,9.0,12.0,14.0,15.0,47.0,46.0,34.0,58.0,10.0,8.0,41.0,19.0,19.0,22.0,16.0,36.0,21.0,52.0,10.0,30.0,21.0,13.0,13.0,28.0,11.0,17.0,9.0,13.0,15.0,11.0,34.0,16.0,18.0,196.0,39.0,112.0,90.0,10.0,10.0,104.0,15.0,8.0,26.0,8.0,10.0,13.0,11.0,7.0,13.0,13.0,13.0,20.0,40.0,40.0,79.0,15.0,16.0,13.0,15.0,17.0,12.0,10.0,40.0,21.0,74.0,47.0,21.0,14.0,115.0,153.0,119.0,116.0,12.0,42.0,96.0,65.0,50.0,10.0,24.0,35.0,87.0,26.0,90.0,119.0,31.0,62.0,16.0,11.0,22.0,51.0,54.0,75.0,28.0,24.0,11.0,12.0,12.0,9.0,9.0,26.0,15.0,14.0,19.0
SD_RAP,15.0,15.0,15.0,15.0,147.0,147.0,50.0,50.0,50.0,8.0,8.0,8.0,16.0,16.0,16.0,80.0,7.0,81.0,14.0,13.0,13.0,14.0,15.0,15.0,14.0,14.0,65.0,12.0,65.0,9.0,62.0,9.0,62.0,12.0,62.0,8.0,12.0,12.0,8.0,15.0,10.0,9.0,9.0,53.0,12.0,12.0,12.0,147.0,7.0,81.0,81.0,9.0,81.0,62.0,9.0,62.0,11.0,10.0,10.0,53.0,53.0,53.0,31.0,53.0,15.0,19.0,39.0,14.0,15.0,21.0,21.0,21.0,21.0,11.0,11.0,81.0,9.0,50.0,39.0,26.0,9.0,9.0,9.0,9.0,9.0,9.0,12.0,62.0,8.0,62.0,12.0,147.0,42.0,13.0,9.0,13.0,9.0,9.0,9.0,9.0,9.0,42.0,21.0,21.0,21.0,8.0,16.0,15.0,15.0,7.0,15.0,147.0,9.0,18.0,42.0,13.0,52.0,8.0,147.0,21.0,147.0,9.0,28.0,9.0,9.0,9.0,9.0,9.0,9.0,13.0,9.0,16.0,15.0,62.0,9.0,9.0,11.0
SD_SXF,12.0,12.0,11.0,18.0,10.0,14.0,8.0,8.0,9.0,12.0,10.0,10.0,10.0,8.0,7.0,31.0,15.0,9.0,9.0,13.0,7.0,11.0,30.0,9.0,13.0,8.0,13.0,13.0,18.0,12.0,20.0,41.0,26.0,13.0,8.0,32.0,23.0,17.0,26.0,22.0,19.0,32.0,11.0,13.0,10.0,9.0,13.0,10.0,21.0,8.0,8.0,9.0,10.0,97.0,12.0,26.0,7.0,30.0,16.0,16.0,17.0,15.0,28.0,11.0,23.0,29.0,8.0,12.0,11.0,39.0,12.0,11.0,15.0,23.0,28.0,10.0,10.0,61.0,29.0,29.0,7.0,100.0,9.0,13.0,14.0,8.0,10.0,39.0,21.0,29.0,12.0,7.0,7.0,8.0,11.0,9.0,16.0,8.0,22.0,11.0,13.0,10.0,12.0,11.0,16.0,11.0,14.0,19.0,11.0,27.0,10.0,16.0,15.0,12.0,36.0,15.0,54.0,12.0,20.0,29.0,15.0,19.0,9.0,11.0,57.0,12.0,10.0,7.0,25.0,7.0,11.0,12.0,9.0,54.0,57.0,57.0,29.0
TN_CHA,103.0,58.0,43.0,25.0,11.0,12.0,13.0,13.0,13.0,28.0,16.0,13.0,15.0,25.0,25.0,8.0,11.0,11.0,46.0,49.0,36.0,22.0,252.0,33.0,31.0,38.0,30.0,10.0,69.0,44.0,13.0,24.0,22.0,98.0,61.0,44.0,13.0,7.0,50.0,42.0,28.0,50.0,8.0,13.0,153.0,30.0,24.0,15.0,10.0,17.0,18.0,11.0,18.0,17.0,22.0,14.0,12.0,8.0,12.0,12.0,24.0,19.0,13.0,11.0,25.0,8.0,7.0,100.0,54.0,60.0,14.0,7.0,10.0,106.0,23.0,17.0,12.0,9.0,20.0,15.0,21.0,13.0,24.0,16.0,19.0,29.0,47.0,21.0,36.0,14.0,16.0,12.0,8.0,9.0,9.0,9.0,12.0,8.0,18.0,16.0,9.0,12.0,14.0,28.0,39.0,138.0,11.0,63.0,76.0,40.0,63.0,9.0,23.0,14.0,59.0,19.0,51.0,66.0,22.0,16.0,22.0,14.0,16.0,10.0,15.0,14.0,24.0,7.0,9.0,9.0,7.0,8.0,51.0,9.0,71.0,70.0,12.0
TN_KNO,36.0,10.0,25.0,17.0,7.0,28.0,14.0,16.0,16.0,12.0,14.0,11.0,7.0,9.0,8.0,22.0,53.0,10.0,19.0,61.0,18.0,39.0,56.0,50.0,18.0,10.0,10.0,8.0,9.0,12.0,9.0,16.0,11.0,8.0,18.0,9.0,16.0,20.0,9.0,13.0,37.0,21.0,10.0,22.0,55.0,30.0,18.0,14.0,8.0,14.0,20.0,29.0,36.0,36.0,19.0,8.0,72.0,8.0,10.0,7.0,10.0,8.0,14.0,29.0,9.0,41.0,41.0,30.0,25.0,32.0,12.0,72.0,14.0,91.0,12.0,36.0,18.0,53.0,20.0,7.0,8.0,8.0,9.0,7.0,9.0,7.0,28.0,26.0,80.0,28.0,18.0,13.0,9.0,12.0,12.0,12.0,15.0,133.0,18.0,17.0,15.0,27.0,18.0,16.0,27.0,72.0,12.0,23.0,61.0,26.0,45.0,291.0,9.0,17.0,29.0,10.0,27.0,38.0,9.0,10.0,9.0,8.0,12.0,15.0,13.0,18.0,23.0,22.0,8.0,12.0,9.0,16.0,23.0,15.0,21.0,27.0,26.0
TN_MEM,152.0,55.0,45.0,39.0,93.0,88.0,37.0,42.0,61.0,7.0,22.0,17.0,28.0,16.0,8.0,20.0,21.0,18.0,32.0,90.0,38.0,28.0,164.0,18.0,27.0,45.0,11.0,8.0,15.0,10.0,39.0,112.0,75.0,13.0,12.0,12.0,79.0,22.0,47.0,79.0,92.0,61.0,43.0,25.0,54.0,20.0,40.0,128.0,79.0,46.0,54.0,25.0,8.0,120.0,27.0,11.0,12.0,18.0,13.0,72.0,22.0,93.0,64.0,81.0,47.0,48.0,48.0,64.0,19.0,73.0,23.0,7.0,12.0,9.0,16.0,8.0,24.0,9.0,48.0,31.0,9.0,8.0,15.0,20.0,11.0,12.0,27.0,85.0,44.0,33.0,56.0,144.0,26.0,33.0,33.0,10.0,21.0,14.0,20.0,20.0,33.0,17.0,13.0,25.0,53.0,9.0,26.0,71.0,48.0,136.0,101.0,32.0,65.0,85.0,302.0,62.0,204.0,370.0,20.0,88.0,14.0,40.0,30.0,13.0,25.0,48.0,55.0,9.0,11.0,33.0,10.0,18.0,15.0,29.0,10.0,17.0,11.0
TN_NAS,158.0,120.0,27.0,61.0,23.0,34.0,9.0,8.0,13.0,43.0,8.0,8.0,8.0,34.0,9.0,23.0,15.0,10.0,20.0,70.0,21.0,13.0,130.0,127.0,29.0,18.0,67.0,71.0,59.0,12.0,8.0,51.0,37.0,324.0,7.0,81.0,11.0,30.0,25.0,48.0,59.0,37.0,23.0,13.0,501.0,42.0,95.0,34.0,24.0,12.0,20.0,13.0,85.0,43.0,15.0,10.0,123.0,14.0,9.0,15.0,33.0,25.0,12.0,60.0,83.0,10.0,8.0,67.0,24.0,33.0,17.0,123.0,11.0,9.0,12.0,7.0,17.0,124.0,18.0,15.0,8.0,358.0,7.0,156.0,7.0,155.0,30.0,47.0,49.0,55.0,23.0,7.0,13.0,16.0,16.0,16.0,8.0,14.0,20.0,11.0,20.0,58.0,13.0,59.0,61.0,123.0,12.0,114.0,161.0,128.0,366.0,561.0,48.0,43.0,72.0,20.0,80.0,48.0,23.0,16.0,20.0,16.0,7.0,15.0,21.0,42.0,15.0,15.0,10.0,10.0,12.0,20.0,10.0,14.0,9.0,10.0,10.0
TX_AMA,35.0,49.0,72.0,49.0,298.0,137.0,18.0,10.0,9.0,8.0,8.0,8.0,8.0,8.0,8.0,10.0,18.0,255.0,40.0,45.0,45.0,40.0,49.0,49.0,45.0,7.0,24.0,8.0,24.0,14.0,11.0,14.0,14.0,15.0,14.0,14.0,11.0,15.0,14.0,14.0,14.0,14.0,15.0,11.0,15.0,15.0,15.0,39.0,9.0,255.0,255.0,8.0,255.0,14.0,14.0,14.0,24.0,24.0,24.0,36.0,7.0,11.0,7.0,11.0,49.0,10.0,14.0,17.0,17.0,17.0,17.0,24.0,24.0,11.0,36.0,255.0,9.0,10.0,14.0,14.0,9.0,9.0,11.0,9.0,11.0,9.0,15.0,14.0,15.0,14.0,11.0,84.0,188.0,7.0,13.0,13.0,9.0,9.0,9.0,9.0,9.0,188.0,17.0,9.0,7.0,24.0,24.0,49.0,49.0,49.0,49.0,7.0,12.0,23.0,31.0,19.0,44.0,78.0,14.0,19.0,9.0,7.0,18.0,8.0,8.0,8.0,8.0,8.0,13.0,13.0,14.0,14.0,14.0,14.0,8.0,8.0,14.0
TX_ANT,20.0,12.0,15.0,23.0,27.0,9.0,9.0,97.0,36.0,8.0,33.0,22.0,8.0,11.0,17.0,21.0,11.0,10.0,15.0,51.0,19.0,14.0,21.0,10.0,18.0,16.0,8.0,16.0,12.0,14.0,11.0,17.0,15.0,121.0,15.0,11.0,8.0,10.0,56.0,13.0,10.0,62.0,25.0,21.0,9.0,16.0,12.0,84.0,118.0,15.0,18.0,18.0,14.0,23.0,8.0,8.0,122.0,17.0,10.0,8.0,23.0,33.0,18.0,10.0,10.0,9.0,15.0,16.0,14.0,11.0,13.0,31.0,14.0,8.0,14.0,10.0,11.0,10.0,8.0,14.0,9.0,19.0,13.0,11.0,12.0,9.0,7.0,19.0,12.0,18.0,54.0,14.0,58.0,35.0,15.0,23.0,31.0,12.0,56.0,61.0,16.0,72.0,9.0,11.0,12.0,10.0,26.0,8.0,10.0,13.0,7.0,23.0,224.0,166.0,211.0,28.0,174.0,880.0,50.0,128.0,168.0,94.0,22.0,9.0,18.0,19.0,12.0,28.0,18.0,16.0,10.0,17.0,17.0,11.0,18.0,10.0,16.0
TX_AUS,8.0,8.0,9.0,10.0,7.0,22.0,7.0,49.0,24.0,10.0,17.0,23.0,22.0,15.0,12.0,21.0,8.0,10.0,16.0,30.0,15.0,16.0,29.0,15.0,8.0,11.0,201.0,10.0,8.0,13.0,117.0,11.0,9.0,19.0,8.0,10.0,9.0,8.0,145.0,10.0,15.0,162.0,64.0,8.0,8.0,55.0,61.0,89.0,174.0,15.0,13.0,8.0,18.0,11.0,10.0,7.0,30.0,10.0,10.0,7.0,32.0,111.0,16.0,13.0,12.0,55.0,44.0,26.0,16.0,28.0,18.0,27.0,48.0,9.0,16.0,20.0,10.0,19.0,7.0,9.0,38.0,36.0,36.0,32.0,27.0,39.0,165.0,10.0,8.0,10.0,74.0,30.0,13.0,34.0,12.0,49.0,9.0,87.0,26.0,14.0,12.0,22.0,210.0,11.0,12.0,44.0,8.0,19.0,10.0,21.0,183.0,21.0,306.0,646.0,306.0,55.0,309.0,334.0,65.0,146.0,129.0,152.0,18.0,10.0,78.0,84.0,39.0,26.0,14.0,73.0,53.0,8.0,46.0,7.0,76.0,46.0,8.0
TX_DAL,125.0,95.0,111.0,30.0,283.0,175.0,12.0,166.0,67.0,123.0,93.0,147.0,88.0,26.0,146.0,211.0,17.0,18.0,126.0,174.0,94.0,27.0,193.0,31.0,100.0,112.0,32.0,23.0,30.0,18.0,41.0,112.0,92.0,12.0,192.0,43.0,24.0,22.0,61.0,103.0,93.0,91.0,47.0,69.0,120.0,27.0,58.0,224.0,731.0,11.0,26.0,32.0,15.0,28.0,16.0,14.0,9.0,37.0,21.0,37.0,60.0,271.0,146.0,104.0,166.0,9.0,22.0,61.0,25.0,44.0,24.0,26.0,22.0,19.0,62.0,10.0,24.0,78.0,40.0,56.0,10.0,11.0,9.0,10.0,9.0,11.0,32.0,87.0,58.0,12.0,397.0,410.0,15.0,11.0,22.0,46.0,44.0,23.0,39.0,30.0,42.0,20.0,22.0,37.0,45.0,22.0,37.0,52.0,69.0,247.0,122.0,346.0,532.0,876.0,2313.0,158.0,2025.0,1898.0,348.0,598.0,293.0,703.0,106.0,24.0,14.0,27.0,16.0,23.0,29.0,30.0,19.0,20.0,206.0,23.0,11.0,9.0,51.0
TX_ELP,10.0,10.0,15.0,19.0,27.0,14.0,28.0,29.0,19.0,19.0,44.0,13.0,51.0,9.0,18.0,23.0,33.0,8.0,9.0,12.0,12.0,9.0,7.0,60.0,34.0,9.0,13.0,14.0,13.0,9.0,51.0,9.0,14.0,30.0,15.0,13.0,30.0,30.0,51.0,9.0,8.0,12.0,30.0,7.0,30.0,8.0,30.0,28.0,35.0,8.0,7.0,28.0,8.0,51.0,11.0,51.0,79.0,79.0,79.0,12.0,16.0,7.0,18.0,9.0,12.0,9.0,9.0,13.0,13.0,13.0,13.0,33.0,79.0,9.0,13.0,8.0,37.0,31.0,8.0,8.0,8.0,37.0,37.0,37.0,37.0,37.0,10.0,8.0,8.0,51.0,52.0,18.0,188.0,11.0,32.0,8.0,37.0,37.0,37.0,37.0,22.0,188.0,13.0,13.0,10.0,14.0,7.0,60.0,60.0,8.0,60.0,26.0,24.0,10.0,93.0,359.0,133.0,331.0,12.0,113.0,49.0,26.0,41.0,28.0,28.0,28.0,28.0,11.0,15.0,9.0,51.0,51.0,51.0,51.0,8.0,8.0,32.0
TX_FTW,110.0,73.0,96.0,34.0,124.0,173.0,31.0,225.0,85.0,118.0,56.0,87.0,69.0,17.0,110.0,216.0,16.0,17.0,103.0,115.0,95.0,22.0,178.0,24.0,103.0,104.0,44.0,26.0,17.0,16.0,31.0,110.0,93.0,13.0,183.0,33.0,18.0,20.0,62.0,96.0,82.0,85.0,32.0,79.0,75.0,29.0,24.0,212.0,268.0,26.0,9.0,30.0,11.0,23.0,9.0,14.0,11.0,38.0,20.0,33.0,48.0,163.0,182.0,86.0,104.0,8.0,10.0,61.0,38.0,72.0,35.0,48.0,21.0,12.0,53.0,8.0,24.0,80.0,38.0,47.0,10.0,12.0,10.0,9.0,10.0,7.0,31.0,122.0,59.0,13.0,470.0,385.0,17.0,12.0,27.0,39.0,53.0,24.0,65.0,31.0,37.0,22.0,20.0,31.0,44.0,18.0,36.0,32.0,43.0,138.0,96.0,316.0,473.0,658.0,2119.0,191.0,2015.0,1305.0,311.0,578.0,278.0,229.0,114.0,22.0,14.0,20.0,13.0,41.0,30.0,24.0,21.0,19.0,234.0,24.0,8.0,8.0,52.0
TX_HOU,145.0,56.0,188.0,26.0,83.0,152.0,23.0,411.0,198.0,77.0,122.0,125.0,46.0,76.0,102.0,430.0,28.0,26.0,82.0,212.0,160.0,31.0,210.0,23.0,194.0,37.0,163.0,27.0,30.0,44.0,25.0,177.0,126.0,17.0,16.0,55.0,65.0,36.0,82.0,64.0,97.0,76.0,31.0,139.0,133.0,20.0,34.0,898.0,413.0,33.0,43.0,51.0,15.0,67.0,27.0,11.0,10.0,39.0,36.0,53.0,52.0,165.0,224.0,120.0,106.0,27.0,16.0,95.0,26.0,86.0,39.0,108.0,15.0,39.0,78.0,18.0,76.0,85.0,41.0,89.0,13.0,20.0,20.0,21.0,20.0,14.0,57.0,80.0,221.0,74.0,414.0,358.0,11.0,13.0,57.0,31.0,53.0,85.0,97.0,73.0,240.0,16.0,165.0,74.0,73.0,31.0,38.0,42.0,39.0,148.0,132.0,291.0,1005.0,905.0,1273.0,777.0,1264.0,3611.0,440.0,1022.0,680.0,191.0,191.0,69.0,32.0,28.0,31.0,21.0,75.0,24.0,17.0,60.0,18.0,44.0,44.0,36.0,172.0
TX_LAR,29.0,30.0,19.0,20.0,11.0,9.0,36.0,31.0,26.0,9.0,31.0,11.0,8.0,10.0,38.0,26.0,7.0,32.0,18.0,44.0,58.0,9.0,33.0,10.0,17.0,11.0,11.0,9.0,9.0,17.0,13.0,19.0,15.0,121.0,15.0,7.0,16.0,7.0,46.0,35.0,14.0,43.0,8.0,8.0,34.0,9.0,7.0,17.0,110.0,18.0,27.0,11.0,13.0,18.0,20.0,9.0,102.0,11.0,8.0,8.0,33.0,13.0,33.0,9.0,16.0,16.0,13.0,48.0,31.0,13.0,10.0,17.0,9.0,27.0,15.0,9.0,18.0,18.0,25.0,11.0,8.0,12.0,9.0,7.0,9.0,7.0,14.0,20.0,55.0,51.0,38.0,17.0,53.0,11.0,8.0,9.0,15.0,9.0,11.0,11.0,9.0,72.0,9.0,11.0,18.0,9.0,22.0,26.0,12.0,39.0,34.0,30.0,98.0,83.0,155.0,15.0,179.0,280.0,19.0,17.0,11.0,88.0,15.0,8.0,12.0,8.0,9.0,15.0,9.0,12.0,16.0,9.0,11.0,9.0,12.0,11.0,15.0
TX_LUB,15.0,8.0,7.0,8.0,17.0,13.0,19.0,19.0,10.0,16.0,12.0,19.0,17.0,13.0,13.0,74.0,10.0,10.0,52.0,9.0,16.0,52.0,10.0,10.0,79.0,12.0,19.0,24.0,20.0,8.0,15.0,18.0,11.0,13.0,14.0,19.0,16.0,48.0,66.0,13.0,8.0,9.0,48.0,34.0,10.0,9.0,48.0,39.0,53.0,10.0,10.0,22.0,10.0,66.0,10.0,66.0,99.0,99.0,99.0,14.0,47.0,28.0,10.0,9.0,13.0,14.0,52.0,20.0,22.0,32.0,13.0,31.0,99.0,8.0,15.0,10.0,41.0,46.0,11.0,10.0,41.0,41.0,41.0,41.0,41.0,41.0,10.0,11.0,16.0,66.0,156.0,112.0,188.0,9.0,12.0,20.0,41.0,41.0,9.0,41.0,23.0,188.0,15.0,21.0,21.0,22.0,12.0,8.0,137.0,13.0,9.0,31.0,391.0,426.0,316.0,24.0,327.0,315.0,107.0,423.0,76.0,49.0,37.0,22.0,22.0,22.0,22.0,10.0,20.0,20.0,66.0,9.0,66.0,13.0,8.0,22.0,32.0
TX_MCA,10.0,10.0,12.0,17.0,35.0,60.0,43.0,53.0,54.0,58.0,29.0,21.0,11.0,62.0,56.0,10.0,22.0,48.0,8.0,23.0,16.0,8.0,25.0,94.0,91.0,38.0,11.0,16.0,9.0,17.0,15.0,24.0,20.0,121.0,10.0,9.0,17.0,19.0,53.0,17.0,8.0,50.0,23.0,13.0,8.0,18.0,13.0,29.0,8.0,34.0,46.0,33.0,13.0,51.0,29.0,23.0,102.0,34.0,24.0,54.0,8.0,8.0,7.0,29.0,44.0,16.0,13.0,21.0,13.0,12.0,27.0,25.0,9.0,11.0,12.0,9.0,42.0,34.0,33.0,48.0,30.0,23.0,13.0,11.0,12.0,18.0,38.0,39.0,125.0,73.0,12.0,13.0,57.0,28.0,12.0,16.0,23.0,9.0,48.0,51.0,17.0,72.0,26.0,8.0,10.0,8.0,12.0,13.0,7.0,10.0,9.0,13.0,115.0,29.0,255.0,25.0,208.0,185.0,180.0,28.0,226.0,10.0,42.0,30.0,17.0,18.0,12.0,26.0,8.0,8.0,16.0,27.0,52.0,43.0,12.0,11.0,36.0
TX_TEX,26.0,14.0,23.0,29.0,18.0,104.0,10.0,18.0,8.0,16.0,20.0,10.0,25.0,10.0,10.0,14.0,36.0,17.0,11.0,80.0,54.0,13.0,19.0,18.0,11.0,17.0,8.0,14.0,29.0,25.0,13.0,12.0,9.0,150.0,12.0,7.0,32.0,21.0,125.0,11.0,15.0,12.0,26.0,12.0,13.0,14.0,48.0,56.0,505.0,9.0,17.0,17.0,10.0,9.0,11.0,7.0,99.0,15.0,9.0,49.0,22.0,21.0,22.0,7.0,16.0,17.0,21.0,133.0,120.0,11.0,14.0,10.0,99.0,7.0,28.0,8.0,12.0,11.0,26.0,13.0,80.0,80.0,80.0,80.0,80.0,80.0,16.0,11.0,23.0,11.0,120.0,52.0,8.0,21.0,12.0,81.0,22.0,80.0,8.0,10.0,8.0,8.0,9.0,11.0,10.0,10.0,10.0,8.0,11.0,19.0,12.0,57.0,91.0,129.0,463.0,27.0,445.0,769.0,11.0,51.0,27.0,729.0,19.0,20.0,14.0,11.0,7.0,10.0,10.0,21.0,333.0,9.0,17.0,21.0,12.0,11.0,21.0
UT_SLC,8.0,111.0,111.0,111.0,7.0,8.0,17.0,204.0,64.0,84.0,98.0,137.0,68.0,44.0,97.0,224.0,29.0,11.0,38.0,10.0,26.0,38.0,35.0,16.0,7.0,38.0,64.0,14.0,64.0,73.0,14.0,56.0,26.0,84.0,25.0,8.0,9.0,84.0,130.0,43.0,12.0,8.0,84.0,20.0,19.0,11.0,8.0,475.0,15.0,13.0,12.0,48.0,13.0,20.0,11.0,18.0,64.0,15.0,14.0,63.0,11.0,8.0,9.0,13.0,111.0,23.0,30.0,26.0,13.0,7.0,13.0,8.0,64.0,12.0,10.0,13.0,14.0,48.0,97.0,46.0,61.0,9.0,61.0,61.0,61.0,61.0,8.0,11.0,32.0,24.0,26.0,15.0,9.0,28.0,55.0,32.0,61.0,61.0,10.0,25.0,9.0,9.0,10.0,20.0,24.0,10.0,15.0,12.0,26.0,14.0,18.0,8.0,31.0,35.0,88.0,108.0,108.0,91.0,45.0,48.0,15.0,14.0,178.0,21.0,12.0,28.0,14.0,107.0,73.0,111.0,8.0,130.0,130.0,130.0,11.0,10.0,41.0
VA_ALE,34.0,25.0,18.0,12.0,144.0,144.0,9.0,15.0,13.0,12.0,19.0,19.0,18.0,8.0,31.0,42.0,15.0,8.0,16.0,14.0,12.0,17.0,35.0,32.0,20.0,12.0,49.0,53.0,40.0,13.0,63.0,11.0,7.0,262.0,49.0,52.0,21.0,146.0,101.0,7.0,156.0,158.0,28.0,13.0,158.0,45.0,69.0,13.0,8.0,13.0,16.0,132.0,10.0,7.0,132.0,46.0,77.0,19.0,8.0,142.0,40.0,67.0,17.0,34.0,10.0,13.0,13.0,16.0,22.0,18.0,38.0,77.0,77.0,9.0,9.0,25.0,18.0,42.0,13.0,9.0,9.0,9.0,9.0,8.0,9.0,9.0,50.0,7.0,21.0,18.0,8.0,144.0,18.0,12.0,12.0,12.0,16.0,69.0,15.0,34.0,7.0,28.0,16.0,9.0,21.0,77.0,77.0,47.0,8.0,41.0,45.0,144.0,30.0,10.0,16.0,144.0,16.0,57.0,28.0,8.0,28.0,144.0,20.0,130.0,16.0,36.0,14.0,33.0,10.0,12.0,14.0,22.0,30.0,41.0,80.0,17.0,19.0
VA_NOR,54.0,45.0,8.0,11.0,14.0,12.0,39.0,7.0,9.0,8.0,25.0,14.0,9.0,10.0,10.0,39.0,39.0,14.0,26.0,21.0,35.0,29.0,60.0,31.0,43.0,8.0,17.0,21.0,15.0,18.0,13.0,19.0,12.0,160.0,20.0,19.0,9.0,10.0,12.0,9.0,23.0,20.0,7.0,44.0,22.0,12.0,38.0,10.0,10.0,25.0,29.0,102.0,14.0,28.0,13.0,8.0,10.0,9.0,56.0,9.0,21.0,13.0,44.0,9.0,17.0,17.0,17.0,61.0,124.0,150.0,18.0,96.0,61.0,44.0,44.0,12.0,25.0,39.0,16.0,17.0,19.0,9.0,32.0,22.0,32.0,9.0,39.0,48.0,40.0,13.0,9.0,11.0,8.0,13.0,13.0,13.0,52.0,22.0,123.0,85.0,102.0,8.0,37.0,54.0,20.0,96.0,32.0,21.0,27.0,8.0,31.0,229.0,10.0,20.0,20.0,229.0,26.0,54.0,12.0,8.0,10.0,10.0,23.0,86.0,112.0,148.0,27.0,73.0,13.0,13.0,13.0,15.0,18.0,10.0,38.0,10.0,32.0
VA_RCH,26.0,10.0,12.0,9.0,14.0,11.0,11.0,11.0,14.0,9.0,21.0,15.0,21.0,12.0,12.0,65.0,17.0,25.0,17.0,32.0,25.0,8.0,39.0,24.0,20.0,11.0,13.0,15.0,14.0,15.0,19.0,19.0,17.0,149.0,20.0,17.0,10.0,7.0,9.0,20.0,12.0,8.0,10.0,44.0,24.0,9.0,14.0,27.0,19.0,33.0,9.0,79.0,17.0,17.0,8.0,13.0,99.0,14.0,60.0,9.0,25.0,15.0,7.0,8.0,10.0,14.0,14.0,116.0,96.0,116.0,79.0,99.0,60.0,44.0,44.0,19.0,30.0,8.0,10.0,8.0,19.0,26.0,12.0,14.0,11.0,14.0,23.0,24.0,20.0,19.0,17.0,16.0,13.0,16.0,16.0,16.0,48.0,62.0,98.0,35.0,77.0,13.0,22.0,53.0,33.0,99.0,31.0,26.0,24.0,14.0,33.0,254.0,9.0,24.0,33.0,8.0,53.0,35.0,10.0,9.0,9.0,11.0,38.0,225.0,79.0,374.0,133.0,29.0,8.0,16.0,8.0,12.0,12.0,15.0,15.0,13.0,36.0
VA_ROA,22.0,22.0,13.0,20.0,166.0,10.0,10.0,7.0,7.0,10.0,11.0,11.0,8.0,13.0,13.0,20.0,40.0,64.0,8.0,67.0,45.0,11.0,69.0,41.0,25.0,136.0,12.0,21.0,17.0,29.0,19.0,15.0,17.0,43.0,28.0,9.0,16.0,12.0,10.0,17.0,32.0,18.0,7.0,63.0,20.0,15.0,25.0,11.0,166.0,34.0,41.0,96.0,11.0,14.0,21.0,155.0,83.0,9.0,57.0,17.0,15.0,63.0,29.0,7.0,20.0,29.0,29.0,132.0,19.0,74.0,24.0,83.0,56.0,16.0,63.0,13.0,138.0,9.0,10.0,29.0,11.0,68.0,11.0,18.0,11.0,9.0,24.0,40.0,53.0,15.0,10.0,7.0,9.0,22.0,22.0,22.0,96.0,21.0,60.0,83.0,48.0,8.0,20.0,15.0,26.0,83.0,28.0,31.0,15.0,16.0,13.0,166.0,12.0,15.0,36.0,7.0,49.0,13.0,9.0,12.0,8.0,166.0,16.0,108.0,38.0,76.0,78.0,12.0,16.0,22.0,155.0,12.0,9.0,14.0,68.0,86.0,28.0
VA_WIN,24.0,17.0,18.0,25.0,7.0,10.0,9.0,9.0,8.0,9.0,24.0,13.0,17.0,8.0,8.0,8.0,30.0,65.0,16.0,69.0,31.0,19.0,107.0,101.0,11.0,18.0,18.0,18.0,15.0,17.0,10.0,9.0,7.0,62.0,12.0,24.0,15.0,14.0,19.0,8.0,40.0,11.0,9.0,33.0,24.0,8.0,12.0,11.0,9.0,38.0,43.0,132.0,17.0,43.0,32.0,21.0,100.0,66.0,32.0,24.0,19.0,8.0,17.0,7.0,16.0,17.0,17.0,120.0,83.0,147.0,30.0,100.0,100.0,33.0,8.0,16.0,37.0,30.0,17.0,8.0,17.0,12.0,42.0,42.0,40.0,39.0,11.0,44.0,55.0,35.0,12.0,9.0,19.0,8.0,8.0,8.0,54.0,8.0,42.0,33.0,16.0,77.0,10.0,11.0,87.0,100.0,10.0,11.0,20.0,9.0,19.0,221.0,32.0,14.0,32.0,221.0,23.0,67.0,21.0,221.0,12.0,221.0,30.0,230.0,18.0,43.0,13.0,96.0,8.0,8.0,39.0,21.0,14.0,12.0,40.0,40.0,17.0
WA_SEA,8.0,58.0,58.0,8.0,166.0,10.0,17.0,21.0,14.0,61.0,113.0,65.0,27.0,34.0,107.0,50.0,23.0,7.0,36.0,14.0,10.0,36.0,29.0,19.0,36.0,36.0,89.0,89.0,89.0,53.0,11.0,16.0,14.0,40.0,9.0,7.0,40.0,11.0,109.0,14.0,8.0,109.0,40.0,36.0,12.0,40.0,40.0,166.0,166.0,7.0,7.0,21.0,7.0,109.0,109.0,109.0,89.0,13.0,34.0,15.0,19.0,36.0,10.0,36.0,58.0,28.0,64.0,11.0,21.0,21.0,21.0,20.0,28.0,12.0,36.0,7.0,9.0,13.0,52.0,24.0,50.0,50.0,50.0,50.0,50.0,50.0,8.0,8.0,8.0,46.0,7.0,166.0,11.0,48.0,37.0,226.0,50.0,50.0,16.0,7.0,50.0,11.0,21.0,21.0,16.0,24.0,26.0,13.0,58.0,8.0,7.0,166.0,9.0,9.0,27.0,8.0,25.0,56.0,10.0,8.0,12.0,7.0,63.0,21.0,13.0,8.0,21.0,21.0,411.0,104.0,9.0,109.0,10.0,12.0,21.0,21.0,26.0
WA_SPO,9.0,9.0,9.0,9.0,7.0,90.0,9.0,13.0,9.0,18.0,35.0,30.0,22.0,18.0,21.0,41.0,24.0,18.0,12.0,12.0,8.0,12.0,9.0,9.0,12.0,12.0,32.0,15.0,32.0,11.0,48.0,12.0,12.0,20.0,9.0,48.0,20.0,20.0,48.0,7.0,48.0,48.0,20.0,46.0,20.0,7.0,20.0,90.0,90.0,21.0,19.0,8.0,21.0,48.0,48.0,48.0,32.0,9.0,32.0,78.0,15.0,7.0,7.0,78.0,9.0,8.0,9.0,9.0,9.0,9.0,9.0,32.0,32.0,7.0,8.0,21.0,8.0,10.0,9.0,7.0,47.0,47.0,47.0,47.0,47.0,47.0,8.0,8.0,10.0,48.0,16.0,90.0,9.0,8.0,33.0,22.0,47.0,8.0,20.0,16.0,9.0,9.0,9.0,9.0,9.0,32.0,7.0,9.0,9.0,9.0,9.0,90.0,10.0,13.0,19.0,12.0,17.0,8.0,8.0,10.0,8.0,90.0,44.0,10.0,10.0,10.0,10.0,12.0,45.0,12.0,48.0,48.0,10.0,8.0,10.0,10.0,18.0
WI_EAU,13.0,9.0,86.0,9.0,8.0,8.0,12.0,19.0,18.0,23.0,26.0,24.0,23.0,21.0,21.0,8.0,64.0,10.0,12.0,12.0,14.0,12.0,9.0,22.0,10.0,8.0,158.0,178.0,13.0,7.0,12.0,33.0,20.0,22.0,17.0,12.0,16.0,65.0,11.0,26.0,98.0,12.0,9.0,21.0,14.0,9.0,14.0,118.0,118.0,15.0,19.0,15.0,24.0,8.0,13.0,15.0,27.0,50.0,14.0,8.0,11.0,20.0,11.0,8.0,86.0,8.0,30.0,10.0,13.0,17.0,10.0,63.0,8.0,59.0,9.0,24.0,13.0,9.0,30.0,12.0,71.0,21.0,9.0,8.0,71.0,9.0,13.0,9.0,7.0,12.0,16.0,16.0,12.0,17.0,7.0,17.0,14.0,71.0,19.0,19.0,9.0,12.0,7.0,15.0,12.0,31.0,24.0,7.0,21.0,19.0,15.0,118.0,11.0,41.0,9.0,8.0,8.0,35.0,18.0,8.0,18.0,118.0,9.0,15.0,25.0,25.0,45.0,45.0,17.0,9.0,21.0,8.0,12.0,15.0,8.0,8.0,11.0
WI_GRE,11.0,20.0,8.0,9.0,14.0,11.0,12.0,30.0,30.0,8.0,24.0,25.0,28.0,15.0,15.0,8.0,10.0,15.0,23.0,17.0,11.0,23.0,11.0,15.0,23.0,12.0,149.0,22.0,151.0,9.0,25.0,82.0,43.0,148.0,14.0,153.0,10.0,10.0,37.0,31.0,40.0,39.0,12.0,7.0,17.0,11.0,17.0,9.0,8.0,9.0,12.0,17.0,10.0,15.0,29.0,11.0,11.0,23.0,10.0,30.0,31.0,13.0,14.0,17.0,14.0,14.0,12.0,10.0,9.0,9.0,13.0,20.0,12.0,11.0,13.0,8.0,29.0,9.0,32.0,11.0,18.0,22.0,7.0,13.0,16.0,17.0,11.0,20.0,30.0,11.0,9.0,11.0,8.0,33.0,7.0,10.0,35.0,26.0,9.0,21.0,11.0,22.0,9.0,16.0,15.0,9.0,8.0,30.0,8.0,14.0,16.0,266.0,25.0,16.0,16.0,17.0,17.0,27.0,33.0,19.0,8.0,8.0,13.0,18.0,10.0,10.0,10.0,24.0,7.0,13.0,12.0,13.0,16.0,29.0,12.0,78.0,15.0
WI_MAD,23.0,13.0,8.0,9.0,9.0,27.0,9.0,12.0,14.0,8.0,22.0,8.0,25.0,9.0,9.0,13.0,13.0,8.0,11.0,23.0,17.0,11.0,14.0,38.0,27.0,20.0,15.0,20.0,18.0,18.0,22.0,44.0,34.0,8.0,35.0,22.0,11.0,11.0,17.0,30.0,35.0,39.0,7.0,8.0,11.0,13.0,8.0,7.0,8.0,10.0,15.0,25.0,14.0,25.0,14.0,52.0,17.0,38.0,20.0,10.0,17.0,15.0,49.0,17.0,8.0,15.0,12.0,11.0,16.0,15.0,28.0,27.0,22.0,16.0,28.0,11.0,8.0,9.0,14.0,8.0,18.0,13.0,21.0,21.0,20.0,15.0,23.0,39.0,33.0,14.0,84.0,48.0,21.0,10.0,15.0,14.0,8.0,8.0,11.0,14.0,32.0,34.0,23.0,8.0,9.0,9.0,24.0,12.0,13.0,50.0,10.0,420.0,16.0,19.0,31.0,8.0,26.0,30.0,23.0,9.0,23.0,9.0,8.0,12.0,10.0,19.0,10.0,9.0,26.0,10.0,56.0,8.0,21.0,22.0,12.0,124.0,10.0
WI_MIL,20.0,10.0,10.0,22.0,9.0,7.0,13.0,12.0,15.0,16.0,18.0,16.0,26.0,16.0,9.0,11.0,13.0,14.0,26.0,23.0,17.0,29.0,32.0,28.0,19.0,13.0,17.0,15.0,16.0,10.0,24.0,82.0,61.0,18.0,30.0,31.0,10.0,25.0,14.0,10.0,36.0,24.0,23.0,9.0,31.0,10.0,13.0,16.0,8.0,17.0,25.0,17.0,16.0,82.0,25.0,24.0,11.0,52.0,22.0,33.0,10.0,13.0,25.0,22.0,9.0,19.0,16.0,14.0,15.0,10.0,13.0,14.0,11.0,13.0,12.0,12.0,19.0,8.0,44.0,11.0,12.0,9.0,12.0,31.0,8.0,11.0,40.0,53.0,42.0,23.0,55.0,31.0,14.0,9.0,14.0,14.0,13.0,17.0,21.0,38.0,73.0,34.0,14.0,23.0,9.0,7.0,15.0,14.0,14.0,35.0,29.0,411.0,15.0,18.0,30.0,12.0,30.0,57.0,16.0,11.0,16.0,10.0,7.0,29.0,12.0,11.0,18.0,14.0,16.0,19.0,24.0,68.0,57.0,77.0,11.0,11.0,11.0
WV_CHA,26.0,29.0,16.0,23.0,9.0,16.0,28.0,28.0,28.0,8.0,8.0,8.0,8.0,8.0,8.0,11.0,8.0,18.0,8.0,8.0,13.0,10.0,11.0,154.0,9.0,9.0,124.0,124.0,124.0,11.0,13.0,21.0,11.0,11.0,46.0,11.0,8.0,14.0,20.0,13.0,36.0,22.0,11.0,21.0,19.0,28.0,9.0,9.0,7.0,22.0,36.0,15.0,47.0,9.0,14.0,11.0,124.0,124.0,124.0,14.0,8.0,21.0,9.0,8.0,112.0,11.0,11.0,19.0,14.0,15.0,19.0,113.0,114.0,21.0,21.0,47.0,12.0,28.0,11.0,11.0,19.0,10.0,17.0,17.0,17.0,14.0,14.0,29.0,27.0,14.0,9.0,8.0,20.0,8.0,8.0,8.0,31.0,8.0,40.0,28.0,32.0,11.0,8.0,14.0,12.0,124.0,124.0,28.0,21.0,34.0,19.0,116.0,10.0,12.0,10.0,116.0,8.0,8.0,11.0,116.0,10.0,8.0,13.0,9.0,21.0,13.0,13.0,11.0,8.0,8.0,46.0,18.0,14.0,13.0,41.0,52.0,15.0
WV_HUN,26.0,27.0,16.0,24.0,92.0,13.0,17.0,17.0,17.0,7.0,8.0,8.0,8.0,18.0,18.0,17.0,7.0,15.0,9.0,8.0,12.0,10.0,12.0,88.0,14.0,11.0,9.0,9.0,9.0,10.0,17.0,19.0,19.0,8.0,173.0,23.0,9.0,19.0,7.0,23.0,17.0,28.0,22.0,21.0,26.0,8.0,8.0,8.0,9.0,12.0,19.0,13.0,27.0,20.0,11.0,12.0,9.0,9.0,9.0,16.0,8.0,21.0,9.0,10.0,88.0,10.0,10.0,23.0,8.0,10.0,11.0,9.0,9.0,21.0,21.0,27.0,13.0,17.0,10.0,10.0,38.0,38.0,125.0,125.0,125.0,38.0,34.0,64.0,22.0,19.0,92.0,92.0,10.0,8.0,8.0,8.0,18.0,31.0,28.0,35.0,46.0,15.0,10.0,16.0,17.0,9.0,9.0,15.0,15.0,40.0,22.0,92.0,8.0,20.0,16.0,92.0,17.0,19.0,7.0,92.0,8.0,8.0,9.0,15.0,8.0,24.0,9.0,10.0,8.0,8.0,23.0,9.0,23.0,173.0,46.0,52.0,11.0
WY_GRE,10.0,9.0,110.0,110.0,8.0,7.0,79.0,122.0,34.0,24.0,30.0,48.0,16.0,16.0,35.0,76.0,21.0,11.0,35.0,15.0,29.0,35.0,18.0,9.0,9.0,35.0,83.0,7.0,83.0,63.0,9.0,54.0,29.0,68.0,28.0,128.0,11.0,68.0,128.0,34.0,17.0,8.0,68.0,26.0,17.0,11.0,13.0,424.0,13.0,14.0,12.0,39.0,14.0,22.0,11.0,17.0,83.0,12.0,8.0,70.0,8.0,8.0,13.0,16.0,110.0,12.0,20.0,22.0,11.0,12.0,9.0,11.0,83.0,10.0,9.0,14.0,11.0,24.0,19.0,15.0,66.0,9.0,66.0,66.0,66.0,66.0,7.0,10.0,25.0,23.0,15.0,13.0,10.0,8.0,18.0,11.0,66.0,66.0,10.0,15.0,12.0,10.0,9.0,8.0,28.0,8.0,18.0,11.0,18.0,10.0,16.0,424.0,14.0,18.0,43.0,53.0,49.0,55.0,11.0,32.0,22.0,12.0,13.0,19.0,13.0,22.0,14.0,100.0,32.0,40.0,11.0,128.0,7.0,8.0,12.0,12.0,39.0
