Zip3,State,DAT_Market,Market_City,Distance
010,MA,MA_SPR,SPRINGFIELD,11
011,MA,MA_SPR,SPRINGFIELD,2
012,MA,NY_ALB,ALBANY,34
013,MA,MA_SPR,SPRINGFIELD,34
014,MA,MA_BOS,BOSTON,40
015,MA,MA_SPR,SPRINGFIELD,40
016,MA,MA_BOS,BOSTON,40
017,MA,MA_BOS,BOSTON,20
018,MA,MA_BOS,BOSTON,21
019,MA,MA_BOS,BOSTON,19
020,MA,MA_BOS,BOSTON,16
021,MA,MA_BOS,BOSTON,2
022,MA,MA_BOS,BOSTON,1
023,MA,MA_BOS,BOSTON,25
024,MA,MA_BOS,BOSTON,9
025,MA,MA_BOS,BOSTON,60
026,MA,MA_BOS,BOSTON,63
027,MA,MA_BOS,BOSTON,42
028,RI,MA_BOS,BOSTON,54
029,RI,MA_BOS,BOSTON,43
030,NH,MA_BOS,BOSTON,43
031,NH,NH_BRI,BRISTOL,48
032,NH,NH_BRI,BRISTOL,11
033,NH,NH_BRI,BRISTOL,29
034,NH,NH_BRI,BRISTOL,54
035,NH,NH_BRI,BRISTOL,61
036,NH,NH_BRI,BRISTOL,42
037,NH,NH_BRI,BRISTOL,17
038,NH,NH_BRI,BRISTOL,40
039,ME,MA_BOS,BOSTON,60
040,ME,ME_AUG,AUGUSTA,57
041,ME,ME_AUG,AUGUSTA,53
042,ME,ME_AUG,AUGUSTA,32
043,ME,ME_AUG,AUGUSTA,4
044,ME,ME_AUG,AUGUSTA,75
045,ME,ME_AUG,AUGUSTA,30
046,ME,ME_AUG,AUGUSTA,87
047,ME,ME_AUG,AUGUSTA,177
048,ME,ME_AUG,AUGUSTA,36
049,ME,ME_AUG,AUGUSTA,30
050,VT,NH_BRI,BRISTOL,33
051,VT,NH_BRI,BRISTOL,50
052,VT,NY_ALB,ALBANY,43
053,VT,NY_ALB,ALBANY,53
054,VT,NH_BRI,BRISTOL,91
056,VT,NH_BRI,BRISTOL,62
057,VT,NH_BRI,BRISTOL,63
058,VT,NH_BRI,BRISTOL,74
059,VT,NH_BRI,BRISTOL,78
060,CT,CT_HAR,HARTFORD,10
061,CT,CT_HAR,HARTFORD,0
062,CT,CT_HAR,HARTFORD,30
063,CT,CT_HAR,HARTFORD,38
064,CT,CT_HAR,HARTFORD,22
065,CT,CT_HAR,HARTFORD,31
066,CT,CT_HAR,HARTFORD,46
067,CT,CT_HAR,HARTFORD,27
068,CT,NY_BRN,BROOKLYN,46
069,CT,NY_BRN,BROOKLYN,37
070,NJ,NJ_ELI,ELIZABETH,6
071,NJ,NJ_ELI,ELIZABETH,4
072,NJ,NJ_ELI,ELIZABETH,3
073,NJ,NJ_ELI,ELIZABETH,6
074,NJ,NJ_ELI,ELIZABETH,26
075,NJ,NJ_ELI,ELIZABETH,16
076,NJ,NJ_ELI,ELIZABETH,18
077,NJ,NY_BRN,BROOKLYN,24
078,NJ,NJ_ELI,ELIZABETH,35
079,NJ,NJ_ELI,ELIZABETH,19
080,NJ,PA_PHI,PHILADELPHIA,14
081,NJ,PA_PHI,PHILADELPHIA,10
082,NJ,PA_PHI,PHILADELPHIA,51
083,NJ,PA_PHI,PHILADELPHIA,33
084,NJ,PA_PHI,PHILADELPHIA,54
085,NJ,NJ_ELI,ELIZABETH,39
086,NJ,PA_PHI,PHILADELPHIA,37
087,NJ,NY_BRN,BROOKLYN,47
088,NJ,NJ_ELI,ELIZABETH,26
089,NJ,NJ_ELI,ELIZABETH,21
100,NY,NY_BRN,BROOKLYN,8
101,NY,NY_BRN,BROOKLYN,7
102,NY,NY_BRN,BROOKLYN,5
103,NY,NJ_ELI,ELIZABETH,7
104,NY,NY_BRN,BROOKLYN,14
105,NY,NY_BRN,BROOKLYN,39
106,NY,NY_BRN,BROOKLYN,28
107,NY,NY_BRN,BROOKLYN,21
108,NY,NY_BRN,BROOKLYN,20
109,NY,NJ_ELI,ELIZABETH,40
110,NY,NY_BRN,BROOKLYN,15
111,NY,NY_BRN,BROOKLYN,7
112,NY,NY_BRN,BROOKLYN,0
113,NY,NY_BRN,BROOKLYN,10
114,NY,NY_BRN,BROOKLYN,9
115,NY,NY_BRN,BROOKLYN,17
116,NY,NY_BRN,BROOKLYN,8
117,NY,NY_BRN,BROOKLYN,39
118,NY,NY_BRN,BROOKLYN,26
119,NY,CT_HAR,HARTFORD,58
120,NY,NY_ALB,ALBANY,10
121,NY,NY_ALB,ALBANY,10
122,NY,NY_ALB,ALBANY,3
123,NY,NY_ALB,ALBANY,15
124,NY,NY_ALB,ALBANY,44
125,NY,NY_ALB,ALBANY,59
126,NY,CT_HAR,HARTFORD,62
127,NY,NJ_ELI,ELIZABETH,76
128,NY,NY_ALB,ALBANY,60
129,NY,NH_BRI,BRISTOL,123
130,NY,NY_SYR,SYRACUSE,5
131,NY,NY_SYR,SYRACUSE,5
132,NY,NY_SYR,SYRACUSE,1
133,NY,NY_SYR,SYRACUSE,48
134,NY,NY_SYR,SYRACUSE,46
135,NY,NY_SYR,SYRACUSE,49
136,NY,NY_SYR,SYRACUSE,92
137,NY,NY_SYR,SYRACUSE,65
138,NY,NY_SYR,SYRACUSE,57
139,NY,NY_ELM,ELMIRA,44
140,NY,NY_BUF,BUFFALO,14
141,NY,NY_BUF,BUFFALO,11
142,NY,NY_BUF,BUFFALO,3
143,NY,NY_BUF,BUFFALO,16
144,NY,NY_ROC,ROCHESTER,15
145,NY,NY_ROC,ROCHESTER,17
146,NY,NY_ROC,ROCHESTER,1
147,NY,NY_BUF,BUFFALO,48
148,NY,NY_ELM,ELMIRA,25
149,NY,NY_ELM,ELMIRA,4
150,PA,PA_PIT,PITTSBURGH,6
151,PA,PA_PIT,PITTSBURGH,4
152,PA,PA_PIT,PITTSBURGH,2
153,PA,PA_PIT,PITTSBURGH,33
154,PA,PA_PIT,PITTSBURGH,37
155,PA,VA_WIN,WINCHESTER,66
156,PA,PA_PIT,PITTSBURGH,24
157,PA,PA_PIT,PITTSBURGH,52
158,PA,PA_PIT,PITTSBURGH,84
159,PA,PA_PIT,PITTSBURGH,59
160,PA,PA_PIT,PITTSBURGH,31
161,PA,PA_PIT,PITTSBURGH,52
162,PA,PA_PIT,PITTSBURGH,46
163,PA,PA_ERI,ERIE,48
164,PA,PA_ERI,ERIE,16
165,PA,PA_ERI,ERIE,2
166,PA,PA_HAR,HARRISBURG,78
167,PA,NY_BUF,BUFFALO,78
168,PA,PA_HAR,HARRISBURG,75
169,PA,NY_ELM,ELMIRA,33
170,PA,PA_HAR,HARRISBURG,13
171,PA,PA_HAR,HARRISBURG,3
172,PA,PA_HAR,HARRISBURG,49
173,PA,PA_HAR,HARRISBURG,25
174,PA,PA_HAR,HARRISBURG,23
175,PA,PA_HAR,HARRISBURG,37
176,PA,PA_HAR,HARRISBURG,34
177,PA,NY_ELM,ELMIRA,58
178,PA,PA_HAR,HARRISBURG,44
179,PA,PA_ALL,ALLENTOWN,43
180,PA,PA_ALL,ALLENTOWN,2
181,PA,PA_ALL,ALLENTOWN,2
182,PA,PA_ALL,ALLENTOWN,33
183,PA,PA_ALL,ALLENTOWN,35
184,PA,PA_ALL,ALLENTOWN,67
185,PA,PA_ALL,ALLENTOWN,57
186,PA,PA_ALL,ALLENTOWN,58
187,PA,PA_ALL,ALLENTOWN,49
188,PA,NY_ELM,ELMIRA,37
189,PA,PA_ALL,ALLENTOWN,24
190,PA,PA_PHI,PHILADELPHIA,10
191,PA,PA_PHI,PHILADELPHIA,10
193,PA,PA_PHI,PHILADELPHIA,26
194,PA,PA_PHI,PHILADELPHIA,24
195,PA,PA_ALL,ALLENTOWN,26
196,PA,PA_ALL,ALLENTOWN,31
197,DE,PA_PHI,PHILADELPHIA,26
198,DE,PA_PHI,PHILADELPHIA,19
199,DE,MD_BAL,BALTIMORE,70
200,DC,VA_ALE,ALEXANDRIA,7
201,VA,VA_ALE,ALEXANDRIA,30
203,DC,VA_ALE,ALEXANDRIA,6
206,MD,VA_ALE,ALEXANDRIA,35
207,MD,VA_ALE,ALEXANDRIA,16
208,MD,VA_ALE,ALEXANDRIA,22
209,MD,VA_ALE,ALEXANDRIA,16
210,MD,MD_BAL,BALTIMORE,14
211,MD,MD_BAL,BALTIMORE,17
212,MD,MD_BAL,BALTIMORE,10
214,MD,MD_BAL,BALTIMORE,15
215,MD,VA_WIN,WINCHESTER,50
216,MD,MD_BAL,BALTIMORE,40
217,MD,MD_BAL,BALTIMORE,48
218,MD,MD_BAL,BALTIMORE,84
219,MD,PA_PHI,PHILADELPHIA,43
220,VA,VA_ALE,ALEXANDRIA,11
221,VA,VA_ALE,ALEXANDRIA,12
222,VA,VA_ALE,ALEXANDRIA,5
223,VA,VA_ALE,ALEXANDRIA,3
224,VA,VA_RCH,RICHMOND,51
225,VA,VA_RCH,RICHMOND,46
226,VA,VA_WIN,WINCHESTER,9
227,VA,VA_WIN,WINCHESTER,48
228,VA,VA_WIN,WINCHESTER,49
229,VA,VA_RCH,RICHMOND,73
230,VA,VA_RCH,RICHMOND,21
231,VA,VA_RCH,RICHMOND,23
232,VA,VA_RCH,RICHMOND,7
233,VA,VA_NOR,NORFOLK,40
234,VA,VA_NOR,NORFOLK,32
235,VA,VA_NOR,NORFOLK,4
236,VA,VA_NOR,NORFOLK,21
237,VA,VA_NOR,NORFOLK,7
238,VA,VA_RCH,RICHMOND,34
239,VA,VA_RCH,RICHMOND,60
240,VA,VA_ROA,ROANOKE,6
241,VA,VA_ROA,ROANOKE,9
242,VA,TN_KNO,KNOXVILLE,101
243,VA,VA_ROA,ROANOKE,65
244,VA,VA_ROA,ROANOKE,70
245,VA,VA_ROA,ROANOKE,50
246,VA,WV_CHA,CHARLESTON,80
247,WV,VA_ROA,ROANOKE,67
248,WV,WV_CHA,CHARLESTON,61
249,WV,VA_ROA,ROANOKE,50
250,WV,WV_CHA,CHARLESTON,14
251,WV,WV_CHA,CHARLESTON,10
252,WV,WV_CHA,CHARLESTON,18
253,WV,WV_CHA,CHARLESTON,1
254,WV,VA_WIN,WINCHESTER,22
255,WV,WV_HUN,HUNTINGTON,14
256,WV,WV_CHA,CHARLESTON,46
257,WV,WV_HUN,HUNTINGTON,2
258,WV,WV_CHA,CHARLESTON,45
259,WV,WV_CHA,CHARLESTON,50
260,WV,PA_PIT,PITTSBURGH,41
261,WV,WV_CHA,CHARLESTON,62
262,WV,WV_CHA,CHARLESTON,90
263,WV,WV_CHA,CHARLESTON,83
264,WV,PA_PIT,PITTSBURGH,88
265,WV,PA_PIT,PITTSBURGH,63
266,WV,WV_CHA,CHARLESTON,46
267,WV,VA_WIN,WINCHESTER,40
268,WV,VA_WIN,WINCHESTER,40
270,NC,NC_GRE,GREENSBORO,37
271,NC,NC_GRE,GREENSBORO,28
272,NC,NC_GRE,GREENSBORO,12
273,NC,NC_GRE,GREENSBORO,14
274,NC,NC_GRE,GREENSBORO,4
275,NC,NC_RAL,RALEIGH,8
276,NC,NC_RAL,RALEIGH,4
277,NC,NC_RAL,RALEIGH,21
278,NC,NC_RAL,RALEIGH,69
279,NC,VA_NOR,NORFOLK,53
280,NC,NC_CHA,CHARLOTTE,13
281,NC,NC_CHA,CHARLOTTE,7
282,NC,NC_CHA,CHARLOTTE,2
283,NC,NC_RAL,RALEIGH,58
284,NC,NC_WIL,WILMINGTON,16
285,NC,NC_WIL,WILMINGTON,72
286,NC,NC_CHA,CHARLOTTE,66
287,NC,SC_GRE,GREENVILLE,45
288,NC,SC_GRE,GREENVILLE,52
289,NC,TN_KNO,KNOXVILLE,60
290,SC,SC_COL,COLUMBIA,23
291,SC,SC_COL,COLUMBIA,22
292,SC,SC_COL,COLUMBIA,12
293,SC,SC_GRE,GREENVILLE,28
294,SC,SC_CHA,N CHARLESTON,11
295,SC,NC_WIL,WILMINGTON,85
296,SC,SC_GRE,GREENVILLE,15
297,SC,NC_CHA,CHARLOTTE,26
298,SC,SC_COL,COLUMBIA,50
299,SC,GA_SAV,SAVANNAH,33
300,GA,GA_ATL,ATLANTA,17
301,GA,GA_ATL,ATLANTA,23
302,GA,GA_ATL,ATLANTA,38
303,GA,GA_ATL,ATLANTA,7
304,GA,GA_SAV,SAVANNAH,66
305,GA,GA_ATL,ATLANTA,62
306,GA,GA_ATL,ATLANTA,70
307,GA,TN_CHA,CHATTANOOGA,22
308,GA,GA_MAC,MACON,82
309,GA,SC_COL,COLUMBIA,65
310,GA,GA_MAC,MACON,18
312,GA,GA_MAC,MACON,3
313,GA,GA_SAV,SAVANNAH,21
314,GA,GA_SAV,SAVANNAH,3
315,GA,FL_JAX,JACKSONVILLE,78
316,GA,GA_TIF,TIFTON,40
317,GA,GA_TIF,TIFTON,15
318,GA,GA_MAC,MACON,67
319,GA,AL_MON,MONTGOMERY,81
320,FL,FL_JAX,JACKSONVILLE,11
321,FL,FL_JAX,JACKSONVILLE,72
322,FL,FL_JAX,JACKSONVILLE,24
323,FL,FL_TAL,TALLAHASSEE,8
324,FL,FL_TAL,TALLAHASSEE,76
325,FL,AL_MOB,MOBILE,64
326,FL,FL_JAX,JACKSONVILLE,51
327,FL,FL_LAK,LAKELAND,62
328,FL,FL_LAK,LAKELAND,47
329,FL,FL_LAK,LAKELAND,78
330,FL,FL_MIA,MIAMI,8
331,FL,FL_MIA,MIAMI,2
333,FL,FL_MIA,MIAMI,23
334,FL,FL_MIA,MIAMI,57
335,FL,FL_LAK,LAKELAND,23
336,FL,FL_LAK,LAKELAND,35
337,FL,FL_LAK,LAKELAND,52
338,FL,FL_LAK,LAKELAND,17
339,FL,FL_LAK,LAKELAND,93
341,FL,FL_MIA,MIAMI,87
342,FL,FL_LAK,LAKELAND,60
344,FL,FL_LAK,LAKELAND,72
346,FL,FL_LAK,LAKELAND,47
347,FL,FL_LAK,LAKELAND,36
349,FL,FL_LAK,LAKELAND,104
350,AL,AL_BIR,BIRMINGHAM,6
351,AL,AL_BIR,BIRMINGHAM,10
352,AL,AL_BIR,BIRMINGHAM,1
354,AL,AL_BIR,BIRMINGHAM,63
355,AL,AL_DEC,DECATUR,57
356,AL,AL_DEC,DECATUR,17
357,AL,AL_DEC,DECATUR,39
358,AL,AL_DEC,DECATUR,24
359,AL,TN_CHA,CHATTANOOGA,63
360,AL,AL_MON,MONTGOMERY,21
361,AL,AL_MON,MONTGOMERY,4
362,AL,AL_BIR,BIRMINGHAM,64
363,AL,AL_MON,MONTGOMERY,89
364,AL,AL_MOB,MOBILE,77
365,AL,AL_MOB,MOBILE,14
366,AL,AL_MOB,MOBILE,5
367,AL,AL_MON,MONTGOMERY,61
368,AL,AL_MON,MONTGOMERY,58
369,AL,AL_MOB,MOBILE,101
370,TN,TN_NAS,NASHVILLE,6
371,TN,TN_NAS,NASHVILLE,6
372,TN,TN_NAS,NASHVILLE,2
373,TN,TN_CHA,CHATTANOOGA,15
374,TN,TN_CHA,CHATTANOOGA,2
376,TN,TN_KNO,KNOXVILLE,93
377,TN,TN_KNO,KNOXVILLE,13
378,TN,TN_KNO,KNOXVILLE,11
379,TN,TN_KNO,KNOXVILLE,3
380,TN,TN_MEM,MEMPHIS,43
381,TN,TN_MEM,MEMPHIS,7
382,TN,MO_GIR,CAPE GIRARDEAU,87
383,TN,TN_MEM,MEMPHIS,93
384,TN,AL_DEC,DECATUR,50
385,TN,TN_NAS,NASHVILLE,76
386,MS,TN_MEM,MEMPHIS,42
387,MS,MS_JAC,JACKSON,95
388,MS,AL_DEC,DECATUR,93
389,MS,TN_MEM,MEMPHIS,95
390,MS,MS_JAC,JACKSON,14
391,MS,MS_JAC,JACKSON,7
392,MS,MS_JAC,JACKSON,1
393,MS,MS_JAC,JACKSON,80
394,MS,MS_JAC,JACKSON,83
395,MS,AL_MOB,MOBILE,60
396,MS,MS_JAC,JACKSON,69
397,MS,MS_JAC,JACKSON,114
400,KY,KY_LOU,LOUISVILLE,25
401,KY,KY_LOU,LOUISVILLE,35
402,KY,KY_LOU,LOUISVILLE,5
403,KY,KY_LEX,LEXINGTON,16
404,KY,KY_LEX,LEXINGTON,36
405,KY,KY_LEX,LEXINGTON,1
406,KY,KY_LEX,LEXINGTON,25
407,KY,TN_KNO,KNOXVILLE,69
408,KY,TN_KNO,KNOXVILLE,73
409,KY,TN_KNO,KNOXVILLE,67
410,KY,OH_CIN,CINCINNATI,20
411,KY,WV_HUN,HUNTINGTON,30
412,KY,WV_HUN,HUNTINGTON,39
413,KY,KY_LEX,LEXINGTON,64
414,KY,WV_HUN,HUNTINGTON,57
415,KY,WV_HUN,HUNTINGTON,63
416,KY,WV_HUN,HUNTINGTON,63
417,KY,KY_LEX,LEXINGTON,87
418,KY,WV_HUN,HUNTINGTON,83
420,KY,MO_GIR,CAPE GIRARDEAU,62
421,KY,KY_BOW,BOWLING GREEN,26
422,KY,KY_BOW,BOWLING GREEN,31
423,KY,KY_BOW,BOWLING GREEN,41
424,KY,IN_EVA,EVANSVILLE,35
425,KY,KY_LEX,LEXINGTON,61
426,KY,TN_KNO,KNOXVILLE,71
427,KY,KY_BOW,BOWLING GREEN,43
430,OH,OH_COL,COLUMBUS,4
431,OH,OH_COL,COLUMBUS,32
432,OH,OH_COL,COLUMBUS,10
433,OH,OH_COL,COLUMBUS,34
434,OH,OH_TOL,TOLEDO,19
435,OH,OH_TOL,TOLEDO,32
436,OH,OH_TOL,TOLEDO,1
437,OH,OH_COL,COLUMBUS,71
438,OH,OH_COL,COLUMBUS,59
439,OH,PA_PIT,PITTSBURGH,51
440,OH,OH_CLE,CLEVELAND,17
441,OH,OH_CLE,CLEVELAND,4
442,OH,OH_CLE,CLEVELAND,26
443,OH,OH_CLE,CLEVELAND,30
444,OH,OH_CLE,CLEVELAND,58
445,OH,PA_PIT,PITTSBURGH,56
446,OH,OH_CLE,CLEVELAND,58
447,OH,OH_CLE,CLEVELAND,49
448,OH,OH_TOL,TOLEDO,60
449,OH,OH_COL,COLUMBUS,48
450,OH,OH_CIN,CINCINNATI,25
451,OH,OH_CIN,CINCINNATI,19
452,OH,OH_CIN,CINCINNATI,14
453,OH,OH_CIN,CINCINNATI,64
454,OH,OH_CIN,CINCINNATI,47
455,OH,OH_COL,COLUMBUS,46
456,OH,WV_HUN,HUNTINGTON,46
457,OH,WV_CHA,CHARLESTON,70
458,OH,OH_TOL,TOLEDO,67
460,IN,IN_IND,INDIANAPOLIS,16
461,IN,IN_IND,INDIANAPOLIS,20
462,IN,IN_IND,INDIANAPOLIS,9
463,IN,IN_GRY,GARY,14
464,IN,IN_GRY,GARY,2
465,IN,IN_SBD,SOUTH BEND,19
466,IN,IN_SBD,SOUTH BEND,1
467,IN,IN_FTW,FT WAYNE,18
468,IN,IN_FTW,FT WAYNE,26
469,IN,IN_IND,INDIANAPOLIS,55
470,IN,OH_CIN,CINCINNATI,43
471,IN,KY_LOU,LOUISVILLE,16
472,IN,KY_LOU,LOUISVILLE,54
473,IN,IN_IND,INDIANAPOLIS,49
474,IN,IN_TER,TERRE HAUTE,45
475,IN,IN_EVA,EVANSVILLE,44
476,IN,IN_EVA,EVANSVILLE,14
477,IN,IN_EVA,EVANSVILLE,2
478,IN,IN_TER,TERRE HAUTE,9
479,IN,IN_IND,INDIANAPOLIS,60
480,MI,MI_DET,DETROIT,19
481,MI,MI_DET,DETROIT,25
482,MI,MI_DET,DETROIT,6
483,MI,MI_DET,DETROIT,15
484,MI,MI_SAG,SAGINAW,32
485,MI,MI_SAG,SAGINAW,29
486,MI,MI_SAG,SAGINAW,37
487,MI,MI_SAG,SAGINAW,41
488,MI,MI_SAG,SAGINAW,48
489,MI,MI_RAP,GRAND RAPIDS,58
490,MI,IN_SBD,SOUTH BEND,51
491,MI,IN_SBD,SOUTH BEND,18
492,MI,OH_TOL,TOLEDO,48
493,MI,MI_RAP,GRAND RAPIDS,21
494,MI,MI_RAP,GRAND RAPIDS,32
495,MI,MI_RAP,GRAND RAPIDS,1
496,MI,WI_GRE,GREEN BAY,107
497,MI,MI_SAG,SAGINAW,153
498,MI,WI_GRE,GREEN BAY,109
499,MI,MN_DUL,DULUTH,153
500,IA,IA_DES,DES MOINES,9
501,IA,IA_DES,DES MOINES,9
502,IA,IA_DES,DES MOINES,6
503,IA,IA_DES,DES MOINES,2
504,IA,IA_DES,DES MOINES,110
505,IA,IA_DES,DES MOINES,91
506,IA,IA_CED,CEDAR RAPIDS,61
507,IA,IA_CED,CEDAR RAPIDS,47
508,IA,IA_DES,DES MOINES,65
510,IA,SD_SXF,SIOUX FALLS,73
511,IA,SD_SXF,SIOUX FALLS,69
512,IA,SD_SXF,SIOUX FALLS,36
513,IA,SD_SXF,SIOUX FALLS,81
514,IA,NE_OMA,OMAHA,74
515,IA,NE_OMA,OMAHA,24
516,IA,NE_OMA,OMAHA,47
520,IA,IA_DUB,DUBUQUE,15
521,IA,IA_DUB,DUBUQUE,67
522,IA,IA_CED,CEDAR RAPIDS,8
523,IA,IA_CED,CEDAR RAPIDS,6
524,IA,IA_CED,CEDAR RAPIDS,1
525,IA,IA_DES,DES MOINES,75
526,IA,IL_ROC,ROCK ISLAND,61
527,IA,IL_ROC,ROCK ISLAND,16
528,IA,IL_ROC,ROCK ISLAND,5
530,WI,WI_MIL,MILWAUKEE,33
531,WI,WI_MIL,MILWAUKEE,26
532,WI,WI_MIL,MILWAUKEE,4
534,WI,WI_MIL,MILWAUKEE,22
535,WI,WI_MAD,MADISON,15
537,WI,WI_MAD,MADISON,3
538,WI,IA_DUB,DUBUQUE,21
539,WI,WI_MAD,MADISON,37
540,WI,MN_MIN,MINNEAPOLIS,38
541,WI,WI_GRE,GREEN BAY,30
542,WI,WI_GRE,GREEN BAY,13
543,WI,WI_GRE,GREEN BAY,11
544,WI,WI_EAU,EAU CLAIRE,85
545,WI,WI_EAU,EAU CLAIRE,112
546,WI,WI_EAU,EAU CLAIRE,68
547,WI,WI_EAU,EAU CLAIRE,7
548,WI,MN_DUL,DULUTH,53
549,WI,WI_GRE,GREEN BAY,57
550,MN,MN_MIN,MINNEAPOLIS,11
551,MN,MN_MIN,MINNEAPOLIS,10
553,MN,MN_MIN,MINNEAPOLIS,31
554,MN,MN_MIN,MINNEAPOLIS,5
556,MN,MN_DUL,DULUTH,73
557,MN,MN_DUL,DULUTH,45
558,MN,MN_DUL,DULUTH,6
559,MN,WI_EAU,EAU CLAIRE,71
560,MN,MN_MIN,MINNEAPOLIS,81
561,MN,SD_SXF,SIOUX FALLS,59
562,MN,MN_STC,ST CLOUD,85
563,MN,MN_STC,ST CLOUD,34
564,MN,MN_STC,ST CLOUD,75
565,MN,ND_FAR,FARGO,35
566,MN,ND_FAR,FARGO,128
567,MN,ND_FAR,FARGO,106
570,SD,SD_SXF,SIOUX FALLS,16
571,SD,SD_SXF,SIOUX FALLS,4
572,SD,SD_SXF,SIOUX FALLS,109
573,SD,SD_SXF,SIOUX FALLS,88
574,SD,ND_BIS,BISMARCK,138
575,SD,SD_RAP,RAPID CITY,140
576,SD,ND_BIS,BISMARCK,96
577,SD,SD_RAP,RAPID CITY,7
580,ND,ND_FAR,FARGO,28
581,ND,ND_FAR,FARGO,4
582,ND,ND_FAR,FARGO,96
583,ND,ND_BIS,BISMARCK,128
584,ND,ND_BIS,BISMARCK,80
585,ND,ND_BIS,BISMARCK,10
586,ND,ND_BIS,BISMARCK,106
587,ND,ND_BIS,BISMARCK,113
588,ND,ND_BIS,BISMARCK,165
590,MT,MT_BIL,BILLINGS,20
591,MT,MT_BIL,BILLINGS,13
592,MT,MT_BIL,BILLINGS,238
593,MT,MT_BIL,BILLINGS,150
594,MT,MT_MIS,MISSOULA,145
595,MT,MT_BIL,BILLINGS,205
596,MT,MT_MIS,MISSOULA,102
597,MT,MT_MIS,MISSOULA,119
598,MT,MT_MIS,MISSOULA,18
599,MT,MT_MIS,MISSOULA,101
600,IL,IL_CHI,CHICAGO,31
601,IL,IL_JOL,JOLIET,32
602,IL,IL_CHI,CHICAGO,12
603,IL,IL_CHI,CHICAGO,9
604,IL,IL_JOL,JOLIET,16
605,IL,IL_JOL,JOLIET,15
606,IL,IL_CHI,CHICAGO,3
607,IL,IL_CHI,CHICAGO,11
608,IL,IL_CHI,CHICAGO,12
609,IL,IL_JOL,JOLIET,50
610,IL,IL_RFD,ROCKFORD,21
611,IL,IL_RFD,ROCKFORD,6
612,IL,IL_ROC,ROCK ISLAND,13
613,IL,IL_JOL,JOLIET,53
614,IL,IL_ROC,ROCK ISLAND,45
615,IL,IL_BLO,BLOOMINGTON,40
616,IL,IL_BLO,BLOOMINGTON,36
617,IL,IL_BLO,BLOOMINGTON,4
618,IL,IL_BLO,BLOOMINGTON,53
619,IL,IN_TER,TERRE HAUTE,49
620,IL,MO_STL,ST LOUIS,47
622,IL,MO_STL,ST LOUIS,59
623,IL,IL_QUI,QUINCY,19
624,IL,IN_TER,TERRE HAUTE,48
625,IL,IL_TAY,TAYLORVILLE,10
626,IL,IL_TAY,TAYLORVILLE,42
627,IL,IL_TAY,TAYLORVILLE,25
628,IL,IN_EVA,EVANSVILLE,65
629,IL,MO_GIR,CAPE GIRARDEAU,36
630,MO,MO_STL,ST LOUIS,24
631,MO,MO_STL,ST LOUIS,28
633,MO,MO_STL,ST LOUIS,19
634,MO,IL_QUI,QUINCY,21
635,MO,IL_QUI,QUINCY,66
636,MO,MO_GIR,CAPE GIRARDEAU,63
637,MO,MO_GIR,CAPE GIRARDEAU,11
638,MO,MO_GIR,CAPE GIRARDEAU,59
639,MO,MO_GIR,CAPE GIRARDEAU,62
640,MO,MO_KAN,KANSAS CITY,21
641,MO,MO_KAN,KANSAS CITY,3
644,MO,MO_KAN,KANSAS CITY,67
645,MO,MO_KAN,KANSAS CITY,44
646,MO,MO_KAN,KANSAS CITY,74
647,MO,MO_JOP,JOPLIN,71
648,MO,MO_JOP,JOPLIN,13
650,MO,MO_JEF,JEFFERSON CITY,8
651,MO,MO_JEF,JEFFERSON CITY,5
652,MO,MO_JEF,JEFFERSON CITY,52
653,MO,MO_JEF,JEFFERSON CITY,62
654,MO,MO_JEF,JEFFERSON CITY,60
655,MO,MO_JEF,JEFFERSON CITY,60
656,MO,MO_JOP,JOPLIN,75
657,MO,MO_JOP,JOPLIN,82
658,MO,MO_JOP,JOPLIN,67
660,KS,MO_KAN,KANSAS CITY,33
661,KS,MO_KAN,KANSAS CITY,7
662,KS,MO_KAN,KANSAS CITY,15
664,KS,MO_KAN,KANSAS CITY,81
665,KS,MO_KAN,KANSAS CITY,82
666,KS,MO_KAN,KANSAS CITY,61
667,KS,MO_JOP,JOPLIN,46
668,KS,KS_HUT,HUTCHINSON,88
669,KS,KS_HUT,HUTCHINSON,126
670,KS,KS_HUT,HUTCHINSON,34
671,KS,KS_HUT,HUTCHINSON,32
672,KS,KS_HUT,HUTCHINSON,38
673,KS,MO_JOP,JOPLIN,70
674,KS,KS_HUT,HUTCHINSON,67
675,KS,KS_HUT,HUTCHINSON,54
676,KS,KS_HUT,HUTCHINSON,123
677,KS,NE_NPL,NORTH PLATTE,125
678,KS,KS_HUT,HUTCHINSON,150
679,KS,TX_AMA,AMARILLO,138
680,NE,NE_OMA,OMAHA,30
681,NE,NE_OMA,OMAHA,5
683,NE,NE_OMA,OMAHA,72
684,NE,NE_OMA,OMAHA,60
685,NE,NE_OMA,OMAHA,49
686,NE,NE_OMA,OMAHA,84
687,NE,SD_SXF,SIOUX FALLS,91
688,NE,NE_NPL,NORTH PLATTE,97
689,NE,NE_NPL,NORTH PLATTE,117
690,NE,NE_NPL,NORTH PLATTE,55
691,NE,NE_NPL,NORTH PLATTE,42
692,NE,NE_NPL,NORTH PLATTE,109
693,NE,NE_NPL,NORTH PLATTE,135
700,LA,LA_NEW,NEW ORLEANS,6
701,LA,LA_NEW,NEW ORLEANS,6
703,LA,LA_NEW,NEW ORLEANS,41
704,LA,LA_NEW,NEW ORLEANS,43
705,LA,LA_NEW,NEW ORLEANS,122
706,LA,TX_HOU,HOUSTON,149
707,LA,LA_NEW,NEW ORLEANS,73
708,LA,LA_NEW,NEW ORLEANS,66
710,LA,LA_SHR,SHREVEPORT,15
711,LA,LA_SHR,SHREVEPORT,3
712,LA,LA_SHR,SHREVEPORT,101
713,LA,MS_JAC,JACKSON,124
714,LA,LA_SHR,SHREVEPORT,84
716,AR,AR_LIT,LITTLE ROCK,82
717,AR,TX_TEX,TEXARKANA,78
718,AR,TX_TEX,TEXARKANA,26
719,AR,TX_TEX,TEXARKANA,77
720,AR,AR_LIT,LITTLE ROCK,22
721,AR,AR_LIT,LITTLE ROCK,18
722,AR,AR_LIT,LITTLE ROCK,5
723,AR,TN_MEM,MEMPHIS,29
724,AR,TN_MEM,MEMPHIS,74
725,AR,AR_LIT,LITTLE ROCK,92
726,AR,AR_FAY,FAYETTEVILLE,68
727,AR,AR_FAY,FAYETTEVILLE,11
728,AR,AR_FAY,FAYETTEVILLE,63
729,AR,AR_FAY,FAYETTEVILLE,46
730,OK,OK_OKC,OKLAHOMA CITY,15
731,OK,OK_OKC,OKLAHOMA CITY,10
734,OK,OK_OKC,OKLAHOMA CITY,79
735,OK,OK_OKC,OKLAHOMA CITY,92
736,OK,OK_OKC,OKLAHOMA CITY,102
737,OK,OK_OKC,OKLAHOMA CITY,82
738,OK,KS_HUT,HUTCHINSON,136
739,OK,TX_AMA,AMARILLO,109
740,OK,OK_TUL,TULSA,16
741,OK,OK_TUL,TULSA,9
743,OK,MO_JOP,JOPLIN,48
744,OK,OK_TUL,TULSA,44
745,OK,OK_TUL,TULSA,100
746,OK,OK_TUL,TULSA,75
747,OK,TX_TEX,TEXARKANA,94
748,OK,OK_OKC,OKLAHOMA CITY,46
749,OK,AR_FAY,FAYETTEVILLE,64
750,TX,TX_DAL,DALLAS,4
751,TX,TX_DAL,DALLAS,37
752,TX,TX_DAL,DALLAS,13
754,TX,TX_DAL,DALLAS,62
755,TX,TX_TEX,TEXARKANA,16
756,TX,LA_SHR,SHREVEPORT,51
757,TX,LA_SHR,SHREVEPORT,95
758,TX,TX_DAL,DALLAS,122
759,TX,LA_SHR,SHREVEPORT,91
760,TX,TX_FTW,FT WORTH,7
761,TX,TX_FTW,FT WORTH,2
762,TX,TX_DAL,DALLAS,41
763,TX,TX_FTW,FT WORTH,108
764,TX,TX_FTW,FT WORTH,69
765,TX,TX_AUS,AUSTIN,67
766,TX,TX_FTW,FT WORTH,72
767,TX,TX_FTW,FT WORTH,84
768,TX,TX_AUS,AUSTIN,112
769,TX,TX_LUB,LUBBOCK,169
770,TX,TX_HOU,HOUSTON,14
773,TX,TX_HOU,HOUSTON,53
774,TX,TX_HOU,HOUSTON,32
775,TX,TX_HOU,HOUSTON,25
776,TX,TX_HOU,HOUSTON,85
777,TX,TX_HOU,HOUSTON,85
778,TX,TX_HOU,HOUSTON,91
779,TX,TX_HOU,HOUSTON,100
780,TX,TX_ANT,SAN ANTONIO,41
781,TX,TX_ANT,SAN ANTONIO,39
782,TX,TX_ANT,SAN ANTONIO,1
783,TX,TX_LAR,LAREDO,102
784,TX,TX_MCA,MCALLEN,117
785,TX,TX_MCA,MCALLEN,12
786,TX,TX_AUS,AUSTIN,5
787,TX,TX_AUS,AUSTIN,14
788,TX,TX_ANT,SAN ANTONIO,91
789,TX,TX_AUS,AUSTIN,71
790,TX,TX_AMA,AMARILLO,18
791,TX,TX_AMA,AMARILLO,1
792,TX,TX_LUB,LUBBOCK,84
793,TX,TX_LUB,LUBBOCK,21
794,TX,TX_LUB,LUBBOCK,3
795,TX,TX_LUB,LUBBOCK,116
796,TX,TX_FTW,FT WORTH,143
797,TX,TX_LUB,LUBBOCK,137
798,TX,TX_ELP,EL PASO,121
799,TX,TX_ELP,EL PASO,17
800,CO,CO_DEN,DENVER,10
801,CO,CO_DEN,DENVER,27
802,CO,CO_DEN,DENVER,13
803,CO,CO_DEN,DENVER,26
804,CO,CO_DEN,DENVER,60
805,CO,CO_DEN,DENVER,41
806,CO,CO_DEN,DENVER,33
807,CO,CO_DEN,DENVER,101
808,CO,CO_DEN,DENVER,76
809,CO,CO_DEN,DENVER,72
810,CO,CO_DEN,DENVER,148
811,CO,NM_ALB,ALBUQUERQUE,165
812,CO,CO_DEN,DENVER,121
813,CO,CO_GRA,GRAND JCT,111
814,CO,CO_GRA,GRAND JCT,54
815,CO,CO_GRA,GRAND JCT,4
816,CO,CO_GRA,GRAND JCT,76
820,WY,CO_DEN,DENVER,100
821,WY,MT_BIL,BILLINGS,128
822,WY,SD_RAP,RAPID CITY,141
823,WY,WY_GRE,GREEN RIVER,133
824,WY,MT_BIL,BILLINGS,81
825,WY,WY_GRE,GREEN RIVER,109
826,WY,WY_GRE,GREEN RIVER,182
827,WY,SD_RAP,RAPID CITY,82
828,WY,MT_BIL,BILLINGS,98
829,WY,WY_GRE,GREEN RIVER,10
830,WY,WY_GRE,GREEN RIVER,143
831,WY,WY_GRE,GREEN RIVER,80
832,ID,ID_TWI,TWIN FALLS,115
833,ID,ID_TWI,TWIN FALLS,31
834,ID,ID_TWI,TWIN FALLS,166
835,ID,MT_MIS,MISSOULA,118
836,ID,ID_TWI,TWIN FALLS,136
837,ID,ID_TWI,TWIN FALLS,120
838,ID,WA_SPO,SPOKANE,42
840,UT,UT_SLC,SALT LAKE CITY,27
841,UT,UT_SLC,SALT LAKE CITY,3
843,UT,UT_SLC,SALT LAKE CITY,67
844,UT,UT_SLC,SALT LAKE CITY,33
845,UT,CO_GRA,GRAND JCT,98
846,UT,UT_SLC,SALT LAKE CITY,86
847,UT,NV_VEG,LAS VEGAS,176
850,AZ,AZ_PHO,PHOENIX,6
852,AZ,AZ_PHO,PHOENIX,16
853,AZ,AZ_PHO,PHOENIX,48
855,AZ,AZ_TUC,TUCSON,86
856,AZ,AZ_TUC,TUCSON,39
857,AZ,AZ_TUC,TUCSON,1
859,AZ,AZ_FLA,FLAGSTAFF,125
860,AZ,AZ_FLA,FLAGSTAFF,42
863,AZ,AZ_FLA,FLAGSTAFF,57
864,AZ,NV_VEG,LAS VEGAS,84
865,AZ,AZ_FLA,FLAGSTAFF,134
870,NM,NM_ALB,ALBUQUERQUE,14
871,NM,NM_ALB,ALBUQUERQUE,3
873,NM,NM_ALB,ALBUQUERQUE,115
874,NM,NM_ALB,ALBUQUERQUE,142
875,NM,NM_ALB,ALBUQUERQUE,85
877,NM,NM_ALB,ALBUQUERQUE,115
878,NM,NM_ALB,ALBUQUERQUE,97
879,NM,TX_ELP,EL PASO,97
880,NM,TX_ELP,EL PASO,78
881,NM,TX_LUB,LUBBOCK,107
882,NM,TX_LUB,LUBBOCK,134
883,NM,TX_ELP,EL PASO,115
884,NM,TX_AMA,AMARILLO,113
890,NV,NV_VEG,LAS VEGAS,33
891,NV,NV_VEG,LAS VEGAS,6
893,NV,UT_SLC,SALT LAKE CITY,208
894,NV,NV_REN,RENO,42
895,NV,NV_REN,RENO,4
897,NV,NV_REN,RENO,24
898,NV,ID_TWI,TWIN FALLS,104
900,CA,CA_LAX,LOS ANGELES,6
902,CA,CA_LAX,LOS ANGELES,6
903,CA,CA_LAX,LOS ANGELES,6
904,CA,CA_LAX,LOS ANGELES,14
905,CA,CA_LAX,LOS ANGELES,10
906,CA,CA_LAX,LOS ANGELES,13
907,CA,CA_LAX,LOS ANGELES,13
908,CA,CA_LAX,LOS ANGELES,13
910,CA,CA_LAX,LOS ANGELES,16
911,CA,CA_LAX,LOS ANGELES,14
912,CA,CA_LAX,LOS ANGELES,13
913,CA,CA_LAX,LOS ANGELES,28
914,CA,CA_LAX,LOS ANGELES,18
915,CA,CA_LAX,LOS ANGELES,15
916,CA,CA_LAX,LOS ANGELES,15
917,CA,CA_ONT,ONTARIO,14
918,CA,CA_LAX,LOS ANGELES,10
919,CA,CA_SDI,SAN DIEGO,22
920,CA,CA_SDI,SAN DIEGO,28
921,CA,CA_SDI,SAN DIEGO,4
922,CA,CA_SDI,SAN DIEGO,95
923,CA,CA_ONT,ONTARIO,47
924,CA,CA_ONT,ONTARIO,18
925,CA,CA_ONT,ONTARIO,31
926,CA,CA_ONT,ONTARIO,30
927,CA,CA_ONT,ONTARIO,26
928,CA,CA_ONT,ONTARIO,19
930,CA,CA_LAX,LOS ANGELES,54
931,CA,CA_LAX,LOS ANGELES,93
932,CA,CA_FRS,FRESNO,77
933,CA,CA_LAX,LOS ANGELES,105
934,CA,CA_FRS,FRESNO,121
935,CA,CA_ONT,ONTARIO,114
936,CA,CA_FRS,FRESNO,6
937,CA,CA_FRS,FRESNO,5
939,CA,CA_FRS,FRESNO,101
940,CA,CA_SFR,SAN FRANCISCO,23
941,CA,CA_SFR,SAN FRANCISCO,1
943,CA,CA_SFR,SAN FRANCISCO,29
944,CA,CA_SFR,SAN FRANCISCO,17
945,CA,CA_SFR,SAN FRANCISCO,23
946,CA,CA_SFR,SAN FRANCISCO,11
947,CA,CA_SFR,SAN FRANCISCO,10
948,CA,CA_SFR,SAN FRANCISCO,12
949,CA,CA_SFR,SAN FRANCISCO,25
950,CA,CA_SFR,SAN FRANCISCO,57
951,CA,CA_SFR,SAN FRANCISCO,45
952,CA,CA_STK,STOCKTON,22
953,CA,CA_STK,STOCKTON,40
954,CA,CA_SFR,SAN FRANCISCO,85
955,CA,OR_MED,MEDFORD,121
956,CA,CA_STK,STOCKTON,47
957,CA,CA_STK,STOCKTON,69
958,CA,CA_STK,STOCKTON,43
959,CA,NV_REN,RENO,90
960,CA,OR_MED,MEDFORD,99
961,CA,NV_REN,RENO,43
967,HI,CA_SFR,SAN FRANCISCO,2388
968,HI,CA_SFR,SAN FRANCISCO,2393
970,OR,OR_POR,PORTLAND,19
971,OR,OR_POR,PORTLAND,42
972,OR,OR_POR,PORTLAND,6
973,OR,OR_POR,PORTLAND,56
974,OR,OR_MED,MEDFORD,94
975,OR,OR_MED,MEDFORD,13
976,OR,OR_MED,MEDFORD,89
977,OR,OR_POR,PORTLAND,152
978,OR,OR_PEN,PENDLETON,35
979,OR,OR_PEN,PENDLETON,134
980,WA,WA_SEA,SEATTLE,11
981,WA,WA_SEA,SEATTLE,1
982,WA,WA_SEA,SEATTLE,53
983,WA,WA_SEA,SEATTLE,20
984,WA,WA_SEA,SEATTLE,29
985,WA,WA_SEA,SEATTLE,63
986,WA,OR_POR,PORTLAND,36
988,WA,WA_SEA,SEATTLE,115
989,WA,WA_SEA,SEATTLE,104
990,WA,WA_SPO,SPOKANE,3
991,WA,WA_SPO,SPOKANE,29
992,WA,WA_SPO,SPOKANE,3
993,WA,OR_PEN,PENDLETON,48
994,WA,OR_PEN,PENDLETON,86
995,AK,WA_SEA,SEATTLE,1591
996,AK,WA_SEA,SEATTLE,1637
997,AK,WA_SEA,SEATTLE,1702
998,AK,WA_SEA,SEATTLE,883
999,AK,WA_SEA,SEATTLE,700
375,TN,TN_MEM,MEMPHIS,0
842,UT,UT_SLC,SALT LAKE CITY,50
851,AZ,AZ_PHO,PHOENIX,20
942,CA,CA_STK,STOCKTON,90
K6H,ON,QC_MON,CORNWALL,110
B2Z,NS,QC_MON,HALIFAX,800
R2C,MB,QC_MON,WINNIPEG,1200
R8N,MB,QC_MON,BRANDON,1400
